sc,LocId,net_present_kwh,total_npc_usd,breakeven_usd_per_kwh
0,dwpt_1641,11838245.183044236,2385529.6533533796,0.20151041108441836
0,dwpt_564,19259872.78634769,3249983.053480302,0.16874374454768173
0,stn_100_South_Ogden,5025306.317826469,343340.81637291855,0.0683223657739971
0,stn_102_Riverton,19473297.259944238,1870405.7125249775,0.09604976946417411
0,stn_103_Cottonwood_Heights,6414275.683390207,612726.4070521193,0.09552542442769911
0,stn_111_Alpine,214498.57188269656,36479.142858031526,0.17006706635781696
0,stn_112_Sunset,113396033.10932021,9683185.628774432,0.08539263114644666
0,stn_115_Clearfield,64279640.97382939,5807229.476298918,0.09034321580394725
0,stn_117_Draper,83283240.82926801,8655984.441814478,0.1039342892474536
0,stn_122_West_Bountiful,131150831.40539925,11975002.813232588,0.09130710560436141
0,stn_126_Harrisville,8214719.003114497,506517.21095821867,0.06165971237314139
0,stn_131_Millcreek,63806774.50122661,6255491.836519949,0.09803805137336466
0,stn_132_Syracuse,34189647.75254207,2428490.958264092,0.07103000814284577
0,stn_136_Provo,81974720.21440282,6665036.9074292015,0.08130600372891746
0,stn_137_Lindon,15622989.809585582,1461583.8674594918,0.09355340336730732
0,stn_141_Kaysville,33626194.20959187,2772926.728222655,0.08246329367334938
0,stn_143_Clinton,7871218.954357222,494158.31377287937,0.06278040499678023
0,stn_147_South_Salt_Lake,68533481.15183419,9783860.715117536,0.14276030562991016
0,stn_14_Taylorsville,12068711.592255479,983640.8090980895,0.08150338182986278
0,stn_151_North_Salt_Lake,197231092.70324162,20337031.584805492,0.10311270553778785
0,stn_157_Farmington,7974200.523898942,563972.3815501989,0.07072462999393545
0,stn_160_Bountiful,7424831.879400928,532965.4142355544,0.07178147908159191
0,stn_167_West_Valley_City,942867989.6209872,111281427.97760783,0.11802439917632647
0,stn_172_Santaquin,8022366.346239567,607539.6034719031,0.07573072298757379
0,stn_174_Eagle_Mountain,46825966.63566333,2870008.37404693,0.0612909584200893
0,stn_181_South_Jordan,14714522.93644312,1541179.9763809643,0.1047386981581278
0,stn_185_Spanish_Fork,98204340.53833012,11404660.438044367,0.11613193852254439
0,stn_18_Cedar_Fort,91028.87041661762,11866.348766936808,0.1303580799435095
0,stn_190_Sandy,15635137.776278079,2063743.5968218737,0.1319939501878278
0,stn_194_Uintah,50188908.31226027,4701935.806711376,0.09368475953805067
0,stn_195_Marriott_Slaterville,65716206.61151303,3770002.119989979,0.05736792055385467
0,stn_198_West_Jordan,12998355.339081896,2137132.792273281,0.16441563078735097
0,stn_208_Cedar_Hills,2798941.951101632,172816.1225391502,0.06174337501752465
0,stn_209_Woods_Cross,11846486.9469334,917025.2490917197,0.07740904566894427
0,stn_213_Pleasant_Grove,6298624.781766101,418893.66847327666,0.06650557589744552
0,stn_217_Layton,133281527.27111891,11080355.32018652,0.08313496661579409
0,stn_219_Salt_Lake_City,830541711.3340946,103226526.13258635,0.12428819013409229
0,stn_222_Roy,9022761.023471907,629339.4709689189,0.06975020942389458
0,stn_228_Payson,20189216.152747422,2116109.938158575,0.10481387301758156
0,stn_22_West_Haven,237192981.15715382,16242236.695385376,0.06847688585112041
0,stn_23_Farr_West,75346469.44953638,7246214.868872183,0.09617192314134064
0,stn_241_Pleasant_View,7104023.473299612,633402.275298107,0.08916106171083779
0,stn_244_Riverdale,18318279.62494232,1588610.347051845,0.08672268245587757
0,stn_254_Magna_City,58886463.98152815,5760905.000867957,0.09783071713518189
0,stn_25_Vineyard,65726296.98618516,5145506.499539685,0.07828687656968117
0,stn_27_Midvale,31563726.159254793,3238823.9613048406,0.10261221837255059
0,stn_31_Springville,289118643.3266252,32559982.79780008,0.11261806718225423
0,stn_33_Murray,12059745.202845214,1505246.4431994958,0.12481577495056598
0,stn_35_Centerville,23365044.18331637,1453471.4960448183,0.06220709383818151
0,stn_47_Lehi,7928874.744529015,1147693.3852030854,0.1447485831447902
0,stn_52_Plain_City,1759489.4355400542,132708.78408295746,0.07542459841040426
0,stn_53_Holladay,2757296.781824801,214195.39075278043,0.0776831105612883
0,stn_61_Saratoga_Springs,14702607.819731252,959732.7165612464,0.06527635969948556
0,stn_62_Salem,5927734.435220818,390058.3651907721,0.06580226719894239
0,stn_6_Bluffdale,125983.14760549318,11776.130426439064,0.09347385464058365
0,stn_88_Orem,34776142.95021002,5158515.762497197,0.14833490217367662
0,stn_8_Herriman,16893890.890947808,1012567.5383885901,0.0599369052946323
0,stn_93_American_Fork,22981203.417206794,2263643.1297205556,0.09849976472623233
0,stn_94_Mapleton,788307.1649586594,99076.47131388607,0.12568257110676123
0,stn_98_Ogden,235440013.80485252,17384081.976218376,0.07383656539634506
0,stn_Inland_Port,102340086.28013712,15102798.589718936,0.14757461263397617
0,stn_UTNW_MERGED_17,294170618.72668207,55876300.64323474,0.1899452123570171
0,stn_UTNW_MERGED_23,11726248.476355553,1648795.303392446,0.14060722887776309
0,stn_UTNW_MERGED_24,203562758.8871851,25835151.488274638,0.12691492112559022
0,stn_UTNW_MERGED_44,179455144.79093412,21402457.77741388,0.11926355080177733
1,dwpt_1641,17034757.707918555,3545855.7245906424,0.20815416252984698
1,dwpt_356,6139616.522397562,1415559.1859434259,0.2305614985527859
1,dwpt_362,3858759.35638828,966772.8724075495,0.2505398194388647
1,dwpt_366,4737322.009221305,1163728.1103626979,0.24565104675119712
1,dwpt_431,3954624.206348533,962702.7936855489,0.24343723788977967
1,dwpt_461,5682115.15237847,1524035.6062278717,0.26821624788612874
1,dwpt_564,22368132.364164952,3921485.697983154,0.1753157409004608
1,stn_100_South_Ogden,5806374.064368965,417140.0759817697,0.07184175035183586
1,stn_102_Riverton,19485954.437177848,1921642.0660665473,0.09861677919148716
1,stn_103_Cottonwood_Heights,6657168.978362679,679077.0735958637,0.10200688547985179
1,stn_112_Sunset,107396272.26397818,9530792.060965832,0.08874416085447835
1,stn_115_Clearfield,61495579.09840254,5988101.397122315,0.09737450211730533
1,stn_117_Draper,86039654.42139304,9429243.696644343,0.10959183599765646
1,stn_122_West_Bountiful,139305851.19357324,12709806.645014837,0.09123670352764905
1,stn_126_Harrisville,8351435.376446671,532795.4395427984,0.06379687030153249
1,stn_131_Millcreek,56517316.64264392,5697228.885004374,0.10080501381598951
1,stn_132_Syracuse,33470158.25891504,2416670.8938366864,0.07220374863907275
1,stn_136_Provo,81132472.25327154,7144341.562420402,0.08805773279184548
1,stn_137_Lindon,14679930.703866648,1449221.2856948816,0.09872126203655453
1,stn_141_Kaysville,51746146.04654994,5120004.168099781,0.09894464726887899
1,stn_143_Clinton,7502701.43780667,502474.17845617805,0.06697243421205239
1,stn_147_South_Salt_Lake,59419833.22913024,8932899.68965669,0.15033532078776327
1,stn_14_Taylorsville,11847173.091929877,1053657.5525578626,0.08893746587323847
1,stn_151_North_Salt_Lake,187326196.08547363,20524976.07153317,0.10956810366323771
1,stn_157_Farmington,7947924.012932689,589547.190995884,0.07417624904774953
1,stn_160_Bountiful,7355748.965517122,551947.8435778568,0.07503625343460234
1,stn_167_West_Valley_City,896227562.0875793,110274662.4004781,0.12304315004954296
1,stn_172_Santaquin,8376034.5215056185,689168.2227208063,0.08227857955352912
1,stn_174_Eagle_Mountain,44556467.17570681,2719830.712899089,0.06104233314040665
1,stn_181_South_Jordan,14411320.456250211,1561919.292051306,0.10838141423563302
1,stn_185_Spanish_Fork,95405373.76860467,11509634.399893207,0.12063926742542376
1,stn_18_Cedar_Fort,91028.87041661846,12582.668316855188,0.13822722680471783
1,stn_190_Sandy,15293468.941476153,2105474.219339643,0.1376714614190349
1,stn_194_Uintah,60985427.91771835,5319727.698486342,0.08722948875039015
1,stn_195_Marriott_Slaterville,110406307.37725253,8055010.374976786,0.0729578822653061
1,stn_198_West_Jordan,11485107.642943034,1970644.5967528694,0.17158259704807574
1,stn_208_Cedar_Hills,2798941.951101632,180395.59625541326,0.06445135319237742
1,stn_209_Woods_Cross,12033961.777655879,970899.8331604437,0.08067998312601982
1,stn_213_Pleasant_Grove,6269685.145930411,434488.794745476,0.06929993845504319
1,stn_217_Layton,121186532.93681067,10121789.37585035,0.08352239420140911
1,stn_219_Salt_Lake_City,757030419.9719129,98119097.42434524,0.129610508158953
1,stn_222_Roy,8943553.782437736,650131.4696971762,0.0726927444629254
1,stn_228_Payson,20321894.344265778,2218741.1635286207,0.10917983953374318
1,stn_22_West_Haven,228917736.91228148,16097005.433545347,0.07031786025262658
1,stn_23_Farr_West,65797803.80296359,6414836.733558747,0.09749317397839678
1,stn_241_Pleasant_View,42018031.753008075,4650466.412962701,0.11067787373523925
1,stn_244_Riverdale,18447465.692552082,1850027.7100540588,0.10028628001736753
1,stn_254_Magna_City,62657647.490484215,6201672.645416628,0.0989771064475166
1,stn_25_Vineyard,66262964.307525665,5411909.736216482,0.08167322112394293
1,stn_27_Midvale,47380350.53137956,5282450.233783432,0.11149031559580623
1,stn_31_Springville,272354254.3755421,31577596.957761053,0.11594310149537644
1,stn_33_Murray,12133983.187771771,1575885.3542313115,0.12987370510117707
1,stn_35_Centerville,23163559.318513248,1493977.3564940584,0.0644968821911584
1,stn_47_Lehi,7883089.708522419,1192324.2893365782,0.15125088428811798
1,stn_52_Plain_City,1759489.4355400552,139267.8717690925,0.07915243419824561
1,stn_53_Holladay,3128916.1855803435,257032.45613812993,0.08214744048519669
1,stn_61_Saratoga_Springs,13914974.432195216,929252.9254829917,0.06678078569321477
1,stn_62_Salem,5921394.694225668,403878.6982279783,0.06820668424988227
1,stn_6_Bluffdale,116828.31728162027,11086.943015316641,0.09489944966502456
1,stn_88_Orem,31250192.05771502,4876032.914537922,0.15603209431585335
1,stn_8_Herriman,16674508.206834294,1047448.4084747739,0.06281734942236328
1,stn_93_American_Fork,20149839.127101664,2114162.113747725,0.10492203438508664
1,stn_94_Mapleton,685993.5638641292,90951.1369136153,0.1325830761462209
1,stn_98_Ogden,235609517.06387424,18372761.545971557,0.07797970886290922
1,stn_Inland_Port,95422449.89706323,14847962.119548198,0.15560239896969116
1,stn_UTNW_MERGED_17,234962145.85942596,47071744.20962866,0.20033756517439585
1,stn_UTNW_MERGED_23,8382272.870426904,1216532.050812824,0.14513152573507984
1,stn_UTNW_MERGED_24,195368973.64441428,25742644.493662745,0.131764240828312
1,stn_UTNW_MERGED_44,175609303.1507192,21638089.020667806,0.12321721362390811
2,dwpt_1641,31134757.420997743,6856165.175270801,0.22020936545492087
2,dwpt_356,13178116.998547353,3128027.9695358337,0.2373653208482397
2,dwpt_362,4079771.341890763,1024300.120767225,0.2510680219378459
2,dwpt_366,7491062.33801249,1864356.046916454,0.2488773905212355
2,dwpt_431,3998800.8355428614,977022.1360078468,0.24432878159964927
2,dwpt_434,6113631.189467015,1533514.3925674106,0.2508352802192999
2,dwpt_461,41189900.632923864,11687999.925770726,0.283758876476344
2,dwpt_462,23782464.059469674,6941313.728971394,0.29186688610625733
2,dwpt_554,4484966.415640268,1076427.5112978409,0.24000793128440218
2,dwpt_564,25094536.36056225,4562311.461683146,0.1818049712547439
2,dwpt_819,4849079.323557212,1238615.149433131,0.2554330558000651
2,stn_100_South_Ogden,4487466.077058546,332645.542844445,0.07412770082988308
2,stn_102_Riverton,18719680.00246392,1888507.9741483214,0.10088356071790504
2,stn_103_Cottonwood_Heights,6057605.806075396,659100.5095262862,0.1088054473378327
2,stn_112_Sunset,106175663.33149743,9790426.204841964,0.09220970133499129
2,stn_115_Clearfield,63316288.93432434,6545485.295510033,0.10337758901661821
2,stn_117_Draper,88129353.87447171,9876528.80684968,0.1120685489299905
2,stn_122_West_Bountiful,149328816.90330184,14056550.336310014,0.09413153219724738
2,stn_126_Harrisville,8099102.857421488,535621.5314506367,0.0661334398241193
2,stn_131_Millcreek,53516398.14847674,5439225.939950956,0.10163662219681305
2,stn_132_Syracuse,32897315.946751557,2418666.332333804,0.07352169205076547
2,stn_136_Provo,77790990.0158395,7210397.751092239,0.09268936864827258
2,stn_137_Lindon,14739595.279452883,1607114.2336901736,0.10903381017052104
2,stn_141_Kaysville,51128051.66150054,5251736.9358188845,0.10271732962931278
2,stn_143_Clinton,7345717.860359386,507484.20220108127,0.06908571930589406
2,stn_147_South_Salt_Lake,58734132.02421691,9123131.63786736,0.15532930041608112
2,stn_14_Taylorsville,11705518.295079242,1115278.1583171026,0.09527798173498583
2,stn_151_North_Salt_Lake,183772850.1047709,20894589.246071395,0.11369791149323288
2,stn_157_Farmington,6527445.699369929,495990.39492624835,0.0759853728042693
2,stn_160_Bountiful,7299992.744966627,566360.024455846,0.07758364209969297
2,stn_167_West_Valley_City,849926094.5863645,107810657.21395524,0.12684709635421149
2,stn_172_Santaquin,9086014.227150066,813666.7150930833,0.08955155635369276
2,stn_174_Eagle_Mountain,43506686.28437426,2662133.9068096103,0.06118907538508018
2,stn_181_South_Jordan,14194510.278271908,1640502.63678294,0.11557303525251741
2,stn_185_Spanish_Fork,93390968.3193387,11655727.099515753,0.12480572060951822
2,stn_18_Cedar_Fort,91028.87041661846,13155.723956789887,0.14452254429368536
2,stn_190_Sandy,14797327.078421177,2117305.142390651,0.14308700018385753
2,stn_194_Uintah,61021675.71769381,5629936.499443372,0.09226125689319473
2,stn_195_Marriott_Slaterville,109093675.65275332,8327290.923451122,0.07633156435169536
2,stn_198_West_Jordan,10553655.033388333,1882814.1046839054,0.17840398409151081
2,stn_208_Cedar_Hills,2801263.7152418178,186530.13994936857,0.06658785423680343
2,stn_209_Woods_Cross,11619774.524172012,978016.2745070336,0.0841682661287891
2,stn_213_Pleasant_Grove,5534096.033347709,393775.012547679,0.07115435116681106
2,stn_217_Layton,115736166.8062774,9627774.741807591,0.08318726122943784
2,stn_219_Salt_Lake_City,713472773.4975517,95485404.66886675,0.13383188289131598
2,stn_222_Roy,8478020.491910897,630489.6729839391,0.07436755709490274
2,stn_228_Payson,20343270.445951976,2285235.0538536003,0.11233371054693568
2,stn_22_West_Haven,225287877.9950236,16249306.817211306,0.0721268581417871
2,stn_23_Farr_West,67407579.5721542,7112641.270453628,0.10551693616057135
2,stn_241_Pleasant_View,6072238.354993185,496770.9121064349,0.08181017988168095
2,stn_244_Riverdale,17945930.225118127,1852348.2074680002,0.10321828872795628
2,stn_254_Magna_City,54109024.77426051,5633234.8798258575,0.10410897079234681
2,stn_25_Vineyard,71904270.97072165,6090624.803576592,0.0847046318855886
2,stn_27_Midvale,48019701.5278059,5624588.543954572,0.11713085181709518
2,stn_31_Springville,271368083.8789872,32354877.030121043,0.11922874852353399
2,stn_33_Murray,11896274.316647891,1595451.412895314,0.13411353592129313
2,stn_35_Centerville,23533430.02309331,1632712.5758277103,0.06937843630212565
2,stn_47_Lehi,7969599.996064552,1240532.439472205,0.1556580556219621
2,stn_52_Plain_City,1716944.3668084233,162357.67288706105,0.0945619881608994
2,stn_53_Holladay,3128916.185580343,267377.1308090102,0.08545359317747842
2,stn_61_Saratoga_Springs,13135832.033916779,887071.8814649207,0.06753069612754617
2,stn_62_Salem,5921394.694225668,416911.7865081476,0.07040770089430198
2,stn_6_Bluffdale,94326.71467274384,8177.811960463339,0.08669666900660496
2,stn_88_Orem,23849159.83572374,3869048.744736137,0.16222998090442897
2,stn_8_Herriman,16695879.83979032,1078296.3224630428,0.06458457612357761
2,stn_93_American_Fork,20825095.760662254,2360691.4389265766,0.11335801122152943
2,stn_94_Mapleton,685993.5638641292,95436.71262999231,0.13912187760539238
2,stn_98_Ogden,226151355.46024853,18825395.622736417,0.08324246204239721
2,stn_Inland_Port,85029034.32951875,13654611.68003054,0.1605876367725629
2,stn_UTNW_MERGED_17,203225078.6648232,42419446.9667538,0.20873135956175817
2,stn_UTNW_MERGED_23,8355530.454805325,1253025.851343748,0.14996365079647622
2,stn_UTNW_MERGED_24,198635397.58100402,27166427.367548566,0.13676528805229707
2,stn_UTNW_MERGED_44,165083942.4201155,20886228.60610117,0.12651883823411877
3,stn_100_South_Ogden,5863137.706757867,436819.39388537477,0.07450266661516336
3,stn_102_Riverton,19600896.592939336,1978247.3436558356,0.1009263700910724
3,stn_103_Cottonwood_Heights,6038122.466061261,655944.0881755742,0.1086337834090759
3,stn_112_Sunset,130725422.5985597,12127187.92350837,0.09276839716746867
3,stn_115_Clearfield,65799934.33870857,6745784.253897625,0.10251961983994316
3,stn_117_Draper,91413793.99935405,10311676.709068758,0.11280219601367407
3,stn_122_West_Bountiful,161132072.93999508,15249090.093465362,0.09463721166886532
3,stn_126_Harrisville,8225324.112376583,545353.1643604502,0.06630172342265048
3,stn_131_Millcreek,60967872.17990878,6114355.9430780895,0.10028816365831775
3,stn_132_Syracuse,33960458.30401146,2551852.3223987855,0.07514186939277427
3,stn_136_Provo,84993619.58807507,8208129.044597091,0.09657347321337899
3,stn_137_Lindon,15565293.948049167,1699692.482694879,0.10919758331373532
3,stn_141_Kaysville,52610003.32193769,5301467.147861401,0.10076918481491062
3,stn_143_Clinton,7845482.959054203,531985.2495506741,0.06780783953354053
3,stn_147_South_Salt_Lake,60320129.762380555,9345419.155057859,0.15493035561880128
3,stn_14_Taylorsville,12318941.280020548,1170832.400898264,0.09504326502450144
3,stn_151_North_Salt_Lake,189981024.64545253,21749721.2739425,0.11448365074634369
3,stn_157_Farmington,6527445.69936992,495990.3949262486,0.07598537280426942
3,stn_160_Bountiful,7694493.366212091,599723.7807316702,0.07794194525726222
3,stn_167_West_Valley_City,906892233.7145238,115274643.08973843,0.1271095272451359
3,stn_172_Santaquin,8923611.667800918,801841.8585804424,0.08985620267113702
3,stn_174_Eagle_Mountain,45646291.80621702,2832885.1268719556,0.06206167061496366
3,stn_181_South_Jordan,14240146.101710146,1646311.9842173397,0.11561061048521325
3,stn_185_Spanish_Fork,96063540.02513543,12066335.787106942,0.12560786104644628
3,stn_18_Cedar_Fort,91028.87041661763,13155.72395678988,0.1445225442936866
3,stn_190_Sandy,15047938.236312315,2155268.245203685,0.14322681362439327
3,stn_194_Uintah,61378194.960824594,5640833.510109654,0.09190289016661352
3,stn_195_Marriott_Slaterville,111139471.74604756,8389820.681042682,0.07548911785556556
3,stn_198_West_Jordan,10072587.087976603,1794989.0988140064,0.17820536900163816
3,stn_208_Cedar_Hills,2801263.7152418243,186530.1399493686,0.06658785423680327
3,stn_209_Woods_Cross,11711592.007548409,984322.5046771942,0.0840468575103004
3,stn_213_Pleasant_Grove,6444664.194590567,458802.8878674455,0.07119112400806688
3,stn_217_Layton,128922913.05545741,11209933.11558697,0.0869506657111053
3,stn_219_Salt_Lake_City,773954411.2271302,103618849.07841468,0.13388236771481615
3,stn_222_Roy,9798813.152711233,743419.3592665326,0.0758683064653433
3,stn_228_Payson,21080970.58257019,2384120.1068244674,0.11309346965246775
3,stn_22_West_Haven,236107271.3006974,17045562.708077706,0.07219414554314643
3,stn_23_Farr_West,65732133.55293683,6626947.374927427,0.1008174695803913
3,stn_241_Pleasant_View,42157599.24353168,4854732.293310523,0.11515675418958762
3,stn_244_Riverdale,18227973.630120747,1876089.238291197,0.10292363135697434
3,stn_254_Magna_City,59686657.28497852,6356491.372025072,0.10649769414419569
3,stn_25_Vineyard,25796322.761074662,2601857.3833991694,0.10086156106424748
3,stn_27_Midvale,49071539.335760646,5742898.610208318,0.11703114856279245
3,stn_31_Springville,290241249.8265938,34847337.966051936,0.12006335414718503
3,stn_33_Murray,12627807.511337621,1701310.1263756223,0.13472727746666519
3,stn_35_Centerville,24837269.265269596,1730273.2695833351,0.06966439229302908
3,stn_47_Lehi,7791341.814275662,1238262.230199225,0.1589279818182823
3,stn_52_Plain_City,1716944.3668084233,162357.67288706108,0.09456198816089942
3,stn_53_Holladay,3128916.185580343,267377.1308090102,0.08545359317747842
3,stn_61_Saratoga_Springs,15082244.101915881,1072892.0011213555,0.071136098439427
3,stn_62_Salem,5921394.694225668,416911.7865081476,0.07040770089430198
3,stn_6_Bluffdale,102701.51379293918,9510.49657742045,0.092603275513494
3,stn_88_Orem,58628916.67570281,9698921.755512165,0.16542897780561625
3,stn_8_Herriman,17172254.460877124,1104200.769815656,0.06430144465488287
3,stn_93_American_Fork,24116500.705948856,2567393.4502280904,0.10645795928406758
3,stn_94_Mapleton,788307.1649586587,110674.28540502678,0.1403948743898971
3,stn_98_Ogden,239172882.18074775,19688308.172858316,0.08231831298491217
3,stn_Inland_Port,95279008.56664683,15350250.005619377,0.16110841450330596
3,stn_UTNW_MERGED_17,250512417.7709688,52300298.618859954,0.20877327792459194
3,stn_UTNW_MERGED_23,8657091.908326948,1299049.8658236454,0.15005614813608895
3,stn_UTNW_MERGED_24,199389331.5829344,27289448.096360948,0.13686513656328758
3,stn_UTNW_MERGED_44,176946111.52045342,22456467.522900313,0.12691133662072332
4,stn_100_South_Ogden,5863137.706757867,421302.3891984823,0.07185613067093549
4,stn_102_Riverton,20039682.15862037,1963146.2229822245,0.0979629420987472
4,stn_103_Cottonwood_Heights,6606380.0527797695,670848.9541371717,0.10154561935244678
4,stn_112_Sunset,126230511.38960722,11235411.28690726,0.08900709632894896
4,stn_115_Clearfield,63663584.665411174,6259014.326902294,0.09831388477097262
4,stn_117_Draper,89071171.81792654,9805728.952933857,0.11008869371313634
4,stn_122_West_Bountiful,157727328.2195593,14505729.536994293,0.09196712897337647
4,stn_126_Harrisville,8225324.112376583,528919.1713514501,0.06430374829310245
4,stn_131_Millcreek,66033116.05249135,6484712.8915801365,0.09820395097552687
4,stn_132_Syracuse,34145871.282402724,2502860.4474458494,0.07329906525875395
4,stn_136_Provo,83370528.99151444,7348159.594228302,0.08813857466319072
4,stn_137_Lindon,15214426.14251914,1511784.4959076336,0.09936519995865704
4,stn_141_Kaysville,53800640.355096,5272822.7339350805,0.09800669098236187
4,stn_143_Clinton,7846723.7067363765,514423.5535761042,0.06555902473467672
4,stn_147_South_Salt_Lake,62790988.40563418,9421920.060392242,0.15005210619597162
4,stn_14_Taylorsville,12328915.861389482,1096116.3675619056,0.0889061438885002
4,stn_151_North_Salt_Lake,190881717.4529265,20885377.395181216,0.10941528436494594
4,stn_157_Farmington,6527445.69936992,478132.31469629146,0.07324952771992335
4,stn_160_Bountiful,7613461.855215066,577108.8066621519,0.075801103051018
4,stn_167_West_Valley_City,931530477.6880702,114483632.66648808,0.12289842942189141
4,stn_172_Santaquin,8147432.302670184,656100.8234937787,0.08052853943674411
4,stn_174_Eagle_Mountain,45213269.32252021,2739731.303720075,0.06059573538415738
4,stn_181_South_Jordan,14589309.81834246,1586219.7910266023,0.10872479992386767
4,stn_185_Spanish_Fork,95176201.59898163,11496212.090862993,0.1207887255188171
4,stn_18_Cedar_Fort,91028.87041661846,12582.668316855188,0.13822722680471783
4,stn_190_Sandy,15500866.828287685,2134725.349935032,0.1377165144106232
4,stn_194_Uintah,4116772.9360706513,300735.7060556754,0.07305132217049588
4,stn_195_Marriott_Slaterville,114203680.60360426,8362475.515873377,0.07322422072279042
4,stn_198_West_Jordan,11754526.04280105,2016549.3702721018,0.17155514079677578
4,stn_208_Cedar_Hills,2798941.951101632,180395.59625541326,0.06445135319237742
4,stn_209_Woods_Cross,12100559.075106418,975154.6052365019,0.08058756617639387
4,stn_213_Pleasant_Grove,6345422.469097367,440015.9979761131,0.06934384591711908
4,stn_217_Layton,128577519.03288203,11050636.17033505,0.08594532118409434
4,stn_219_Salt_Lake_City,800766035.8291146,103662666.82191408,0.1294543751653772
4,stn_222_Roy,9172346.684921868,667752.9978144428,0.07280067149142334
4,stn_228_Payson,20828077.23385589,2284778.0796496444,0.10969702358966454
4,stn_22_West_Haven,233882771.05780438,16664104.980375774,0.07124981846677891
4,stn_23_Farr_West,68497182.85555673,6704250.036275869,0.09787628858275005
4,stn_241_Pleasant_View,42989197.0152769,4781153.988644641,0.11121756907777508
4,stn_244_Riverdale,18579158.66767398,1858795.0249590408,0.10004731959112727
4,stn_254_Magna_City,14128628.30075821,1827503.650320312,0.1293475637845352
4,stn_25_Vineyard,66582414.24149926,5421673.72344836,0.08142801346589139
4,stn_27_Midvale,48599783.24580391,5454692.452549498,0.11223697078979163
4,stn_31_Springville,286465505.65157336,33304319.837810937,0.11625944199480277
4,stn_33_Murray,12358407.515916068,1608984.164501535,0.13019348669554442
4,stn_35_Centerville,23517465.47330919,1518204.2400802136,0.0645564566387172
4,stn_47_Lehi,7907738.699935928,1195828.350058074,0.15122254230122237
4,stn_52_Plain_City,1759489.4355400552,139267.87176909248,0.07915243419824558
4,stn_53_Holladay,3128916.185580343,257032.4561381298,0.08214744048519668
4,stn_61_Saratoga_Springs,15137808.160865849,1040412.81384399,0.06872942256816661
4,stn_62_Salem,5921394.694225668,403878.6982279783,0.06820668424988227
4,stn_6_Bluffdale,116828.31728162027,11086.943015316641,0.09489944966502456
4,stn_88_Orem,31226449.934018437,4875307.236526656,0.1561274895746456
4,stn_8_Herriman,16750875.862629484,1052272.9313172596,0.06281897973256653
4,stn_93_American_Fork,23088974.424089964,2402786.5170058897,0.10406640298838625
4,stn_94_Mapleton,788307.1649586594,105519.70136451983,0.13385607293072557
4,stn_98_Ogden,242360629.99676713,18823644.996496957,0.07766791576976857
4,stn_Inland_Port,106818241.60094462,16720489.509918297,0.15653215461440842
4,stn_UTNW_MERGED_17,279431274.9136444,56035257.78666871,0.20053323595931016
4,stn_UTNW_MERGED_23,8657357.806056745,1257160.1555726433,0.14521291411718315
4,stn_UTNW_MERGED_24,199140039.47011566,26273270.558977358,0.13193364141579428
4,stn_UTNW_MERGED_44,178294351.2386373,22171782.76397569,0.12435493670968838
5,stn_100_South_Ogden,5863137.706757871,401906.1333398668,0.06854796074065062
5,stn_102_Riverton,19092900.955276847,1771352.0951851401,0.09277542995348637
5,stn_103_Cottonwood_Heights,6496711.689377012,622598.8713738911,0.09583292304504187
5,stn_111_Alpine,214498.57188269467,36479.14285803143,0.17006706635781801
5,stn_112_Sunset,101730820.22956415,8591743.337993624,0.0844556577702375
5,stn_115_Clearfield,64656104.12523981,5836451.358555342,0.09026914685812265
5,stn_117_Draper,84348721.6670516,8764761.954342008,0.10391102296652481
5,stn_122_West_Bountiful,132699468.08358896,11999062.321822865,0.09042283661803764
5,stn_126_Harrisville,8088530.086795532,497531.6504863807,0.06151076217155915
5,stn_131_Millcreek,64964222.08508574,6258203.399318045,0.09633307686069839
5,stn_132_Syracuse,34413545.81617412,2435334.4025796126,0.07076673864379947
5,stn_136_Provo,87087451.63595988,7269167.137681459,0.08346974220887521
5,stn_137_Lindon,15969486.825586956,1482992.7703104978,0.0928641468888272
5,stn_141_Kaysville,56041223.28232016,5159461.351736659,0.09206546626837038
5,stn_143_Clinton,7851757.583827968,492577.8897450641,0.06273472970683815
5,stn_147_South_Salt_Lake,66236301.421781294,9456023.733096406,0.1427619527377002
5,stn_14_Taylorsville,12346188.998235019,1008255.4632051169,0.08166531901862628
5,stn_151_North_Salt_Lake,199105772.45335013,20503371.73547393,0.10297728429886586
5,stn_157_Farmington,7974200.523898942,563972.3815501992,0.07072462999393549
5,stn_160_Bountiful,7705167.604792302,554738.9854781124,0.07199570650910789
5,stn_167_West_Valley_City,957368194.7592158,112881801.75764768,0.11790845191597175
5,stn_172_Santaquin,7981719.045519173,601322.1183321093,0.07533741978423598
5,stn_174_Eagle_Mountain,47236327.30849068,2889145.7783694165,0.06116364126916564
5,stn_181_South_Jordan,14150531.522987299,1466716.667857606,0.1036509946976161
5,stn_185_Spanish_Fork,100394441.01951961,11888235.591972435,0.11841527749191826
5,stn_18_Cedar_Fort,91028.87041661762,11866.348766936808,0.1303580799435095
5,stn_190_Sandy,15771746.766300047,2066080.4628952814,0.1309988356717682
5,stn_194_Uintah,4116772.9360706513,287677.58335424657,0.06987939044042275
5,stn_195_Marriott_Slaterville,119000464.16030812,8607845.923206424,0.07233455754937734
5,stn_198_West_Jordan,13519192.165526876,2219074.7563914913,0.16414255594724053
5,stn_208_Cedar_Hills,2798941.951101632,172816.1225391502,0.06174337501752465
5,stn_209_Woods_Cross,11866755.948966838,918202.7496463674,0.07737605404502393
5,stn_213_Pleasant_Grove,6326693.570165446,419751.5909907025,0.06634612318986169
5,stn_217_Layton,129646374.21828452,10749447.567255825,0.08291359964419112
5,stn_219_Salt_Lake_City,840208323.2634966,104519372.02372351,0.12439697290518904
5,stn_222_Roy,8893876.437683087,619006.284993027,0.06959915502876968
5,stn_228_Payson,20823771.266958788,2200487.932319054,0.10567192196403839
5,stn_22_West_Haven,230310619.17383862,15773350.844491035,0.06848729294842154
5,stn_23_Farr_West,69428487.80926582,6493275.125953796,0.09352465149164914
5,stn_241_Pleasant_View,44132435.06057506,4638851.182677759,0.10511206046778496
5,stn_244_Riverdale,18350711.00418107,1589601.6121582785,0.08662343447052814
5,stn_254_Magna_City,59309376.63941171,5886328.085956476,0.09924784948835473
5,stn_25_Vineyard,27099588.533096187,2287505.9603498736,0.08441109567240064
5,stn_27_Midvale,30426897.244774655,3062034.2425493635,0.10063577031585828
5,stn_31_Springville,291173396.4346578,32780920.872687437,0.11258212897909373
5,stn_33_Murray,13499390.471119232,1721903.0062009436,0.12755412993533335
5,stn_35_Centerville,24003934.643327437,1502433.8036166742,0.06259114707406177
5,stn_47_Lehi,9984188.492150916,1456458.9607259075,0.14587654889237164
5,stn_52_Plain_City,1759489.4355400552,132708.78408295754,0.07542459841040426
5,stn_53_Holladay,2800401.375159529,217655.1128863011,0.07772282745501154
5,stn_61_Saratoga_Springs,14982048.768002855,982422.2616152884,0.06557329219975887
5,stn_62_Salem,5875286.5265324665,386178.0417322238,0.06572922698974175
5,stn_6_Bluffdale,125983.14760549298,11776.130426439078,0.09347385464058391
5,stn_88_Orem,61129712.7769391,9219547.057155084,0.15081940742625433
5,stn_8_Herriman,17119839.669644505,1021273.1919664475,0.059654366610528795
5,stn_93_American_Fork,26553043.57589773,2464843.8176578707,0.09282716727415821
5,stn_94_Mapleton,788307.1649586601,99076.47131388611,0.12568257110676118
5,stn_98_Ogden,234405008.79481673,17194868.7623212,0.07335538114448953
5,stn_Inland_Port,106590447.1269029,15753102.280917605,0.1477909391088538
5,stn_UTNW_MERGED_17,303663635.75716895,57776396.61631136,0.1902644565005257
5,stn_UTNW_MERGED_23,11501375.264171597,1616141.6132018657,0.14051724911857927
5,stn_UTNW_MERGED_24,203252363.5016407,25785475.2162833,0.12686433147467507
5,stn_UTNW_MERGED_44,184321552.21361727,22122420.648995373,0.12002080268593256
6,stn_100_South_Ogden,4835743.7380397245,330185.85415526846,0.06828026298372804
6,stn_102_Riverton,19894312.497993678,1887811.620152373,0.09489202606738771
6,stn_103_Cottonwood_Heights,6606380.0527797695,635732.659115806,0.09623010696278493
6,stn_112_Sunset,101144707.39670093,8529944.48028785,0.08433406650564965
6,stn_115_Clearfield,64639006.33309417,5833472.689718875,0.09024694252968779
6,stn_117_Draper,81264532.15166841,8444520.09331677,0.1039139692277598
6,stn_122_West_Bountiful,126389199.74624659,11487656.87291086,0.09089112753284928
6,stn_126_Harrisville,8207497.58645748,506293.136041458,0.06168666279924966
6,stn_131_Millcreek,64745536.53630901,6187272.223963784,0.09556291529832314
6,stn_132_Syracuse,34413545.81616866,2435334.402578824,0.07076673864378778
6,stn_136_Provo,81551328.19220597,6627242.040440502,0.08126467327203975
6,stn_137_Lindon,15897378.99680626,1477463.1047070413,0.0929375279411694
6,stn_141_Kaysville,53695126.40755847,4942488.230750769,0.0920472408098295
6,stn_143_Clinton,7875565.6726582525,494511.3032005881,0.0627905757826885
6,stn_147_South_Salt_Lake,66940724.02339959,9553343.842518844,0.1427134824412626
6,stn_14_Taylorsville,12196558.16252394,1003681.996711608,0.08229223222954789
6,stn_151_North_Salt_Lake,199617672.18800896,20515465.88330161,0.10277379581893538
6,stn_157_Farmington,7974200.523898803,563972.381550195,0.07072462999393621
6,stn_160_Bountiful,7973045.419675354,562926.6708900124,0.07060372056841156
6,stn_167_West_Valley_City,953849964.6467862,112344091.26169871,0.11777962512511084
6,stn_172_Santaquin,8058354.948112956,615264.1054360934,0.07635108026361773
6,stn_174_Eagle_Mountain,47432887.13012975,2888558.8989602835,0.06089780896186368
6,stn_181_South_Jordan,14035301.994780429,1439697.167817131,0.10257685715295176
6,stn_185_Spanish_Fork,95376831.78785603,11118756.087798972,0.11657711709831277
6,stn_18_Cedar_Fort,91028.87041661846,11866.348766936815,0.1303580799435084
6,stn_190_Sandy,15791956.010799693,2069711.8215341396,0.1310611440481926
6,stn_194_Uintah,50895774.539085045,4723541.172934275,0.09280812043260812
6,stn_195_Marriott_Slaterville,112571334.13447797,7950653.8091988955,0.07062769461096575
6,stn_198_West_Jordan,13911206.798098318,2292794.071299421,0.16481633150711622
6,stn_208_Cedar_Hills,2798941.951101632,172816.1225391502,0.06174337501752465
6,stn_209_Woods_Cross,11866755.948966986,918202.7496463715,0.07737605404502332
6,stn_213_Pleasant_Grove,6326693.570165458,419751.5909907026,0.06634612318986158
6,stn_217_Layton,127907305.05444154,10485064.051056039,0.08197392671664258
6,stn_219_Salt_Lake_City,833273804.9819298,103580121.05410299,0.1243050248727658
6,stn_222_Roy,8893876.437683089,619006.2849930269,0.06959915502876965
6,stn_228_Payson,20584177.18352736,2177187.613815538,0.10576996080066044
6,stn_22_West_Haven,228287279.53024217,15450935.217861127,0.06768198057138912
6,stn_23_Farr_West,68564772.80848055,6374173.523550588,0.09296572076969221
6,stn_241_Pleasant_View,43252856.93015812,4532275.627420239,0.10478557832003238
6,stn_244_Riverdale,18390406.461811323,1529303.906894407,0.0831577001884156
6,stn_254_Magna_City,59056073.709714696,5860630.240394533,0.09923839957938928
6,stn_25_Vineyard,65746976.44846976,5146138.567304389,0.07827186656009584
6,stn_27_Midvale,30186106.429070555,3062800.531250914,0.10146391481285251
6,stn_31_Springville,277761879.5691913,31062368.58769189,0.11183092739676743
6,stn_33_Murray,12028702.380056623,1515700.232459159,0.12600696106440903
6,stn_35_Centerville,23341540.07946734,1446953.6561134923,0.061990496393437296
6,stn_47_Lehi,7852361.014961132,1136646.292427626,0.1447521694764122
6,stn_52_Plain_City,1759489.4355400542,132708.78408295749,0.07542459841040428
6,stn_53_Holladay,2800401.375159637,217655.112886311,0.07772282745501206
6,stn_61_Saratoga_Springs,15005272.413393576,993639.9802985422,0.06621938962011964
6,stn_62_Salem,5927734.435220818,390058.36519077205,0.06580226719894237
6,stn_6_Bluffdale,125983.14760549295,11776.130426439056,0.09347385464058376
6,stn_88_Orem,34196198.746658444,5076259.976201152,0.14844515362097638
6,stn_8_Herriman,17120057.479292173,1021362.2779241193,0.05965881126038996
6,stn_93_American_Fork,40279133.74777296,4349634.846368905,0.10798729867445069
6,stn_94_Mapleton,788307.1649586587,99076.47131388604,0.12568257110676131
6,stn_98_Ogden,232665240.71648008,17027860.25318714,0.07318609432483666
6,stn_Inland_Port,106118185.38330907,15687925.955502406,0.14783447246893747
6,stn_UTNW_MERGED_17,291203894.9894324,55385409.91946565,0.19019460547214026
6,stn_UTNW_MERGED_23,11501375.264170976,1616141.6132017726,0.14051724911857874
6,stn_UTNW_MERGED_24,199742141.90358636,25334392.851342387,0.12683549204939967
6,stn_UTNW_MERGED_44,184074158.33616495,22007326.88276077,0.11955685187798033
7,stn_100_South_Ogden,5863137.706757867,421302.3891984823,0.07185613067093549
7,stn_102_Riverton,19746665.074372336,1937857.6333883284,0.09813594478306736
7,stn_103_Cottonwood_Heights,6615186.909027154,672275.7192129792,0.10162611101669473
7,stn_112_Sunset,116967874.47456676,10387994.07303346,0.08881065950542004
7,stn_115_Clearfield,65018009.672743715,6346178.837428343,0.09760647656504214
7,stn_117_Draper,88243032.98763166,9696483.669502655,0.1098838439841674
7,stn_122_West_Bountiful,146391666.3600585,13427600.918844253,0.09172380677612015
7,stn_126_Harrisville,8218170.289301475,528700.5147491578,0.0643331174869213
7,stn_131_Millcreek,59861349.081444174,5861124.54576455,0.09791166814149502
7,stn_132_Syracuse,34153004.7326734,2503078.4813533807,0.07329013950443847
7,stn_136_Provo,82671871.1710708,7273409.839410182,0.08797925747149837
7,stn_137_Lindon,15214426.14251914,1511784.4959076336,0.09936519995865704
7,stn_141_Kaysville,52966930.527059905,5161097.517582004,0.09743999635669442
7,stn_143_Clinton,7846723.706736382,514423.55357610405,0.06555902473467665
7,stn_147_South_Salt_Lake,62607217.20393969,9385339.849010654,0.1499082736490013
7,stn_14_Taylorsville,12324218.106452983,1095972.7806822709,0.08892838241059833
7,stn_151_North_Salt_Lake,190025855.28780633,20844937.727396935,0.10969527118205015
7,stn_157_Farmington,6527445.69936992,478132.3146962914,0.07324952771992334
7,stn_160_Bountiful,7689864.032195619,579444.0392015625,0.07535166249696602
7,stn_167_West_Valley_City,920292979.0853915,112997179.0616294,0.12278391950129687
7,stn_172_Santaquin,8147432.302670184,656100.8234937787,0.08052853943674411
7,stn_174_Eagle_Mountain,45353199.655200556,2753176.279891409,0.06070522699219763
7,stn_181_South_Jordan,14565849.303437259,1586555.465003653,0.10892296301797222
7,stn_185_Spanish_Fork,96604758.30997239,11644898.75999497,0.12054166858562372
7,stn_18_Cedar_Fort,91028.87041661762,12582.668316855183,0.13822722680471905
7,stn_190_Sandy,15500606.333041072,2135098.7782822717,0.137742920012819
7,stn_194_Uintah,61012957.465445355,5299755.827615645,0.08686279190149335
7,stn_195_Marriott_Slaterville,111264204.08701436,8081231.987910878,0.07263101420822582
7,stn_198_West_Jordan,11545727.374949424,1972526.5239663387,0.17084471682971636
7,stn_208_Cedar_Hills,2798941.951101632,180395.59625541326,0.06445135319237742
7,stn_209_Woods_Cross,11866755.948966974,960217.3772937055,0.0809165859164142
7,stn_213_Pleasant_Grove,6345422.46909731,440015.9979761045,0.06934384591711834
7,stn_217_Layton,127367648.4849959,10826968.762436539,0.08500564225861461
7,stn_219_Salt_Lake_City,783229640.6646092,101285722.28156205,0.1293180403586566
7,stn_222_Roy,9172346.684921876,667752.9978144428,0.07280067149142329
7,stn_228_Payson,20828077.23385585,2284778.079649644,0.10969702358966472
7,stn_22_West_Haven,234220538.024153,16439982.061077798,0.07019018144080301
7,stn_23_Farr_West,67006220.36533345,6476722.159212526,0.09665852101342136
7,stn_241_Pleasant_View,41752601.21597741,4642353.528598335,0.1111871690241386
7,stn_244_Riverdale,18530461.735389534,1857306.6032237671,0.10022991492309537
7,stn_254_Magna_City,54887970.78134669,5556239.446365264,0.10122872766601738
7,stn_25_Vineyard,66510518.95380088,5419476.243979871,0.08148299440791183
7,stn_27_Midvale,48052386.00801538,5349629.457646454,0.11132911187290698
7,stn_31_Springville,280634070.11058456,32480729.7034744,0.11574050752524555
7,stn_33_Murray,12596934.659983821,1640963.498803122,0.13026688977088252
7,stn_35_Centerville,23513851.24951614,1518093.7713301468,0.06456168133501251
7,stn_47_Lehi,7907738.699935928,1195828.350058074,0.15122254230122237
7,stn_52_Plain_City,1759489.4355400542,139267.8717690924,0.07915243419824558
7,stn_53_Holladay,3128916.185580343,257032.45613812978,0.08214744048519666
7,stn_61_Saratoga_Springs,15130624.243072076,1040193.2373966244,0.068747542777219
7,stn_62_Salem,5921394.694225668,403878.6982279783,0.06820668424988227
7,stn_6_Bluffdale,116828.31728162027,11086.94301531664,0.09489944966502455
7,stn_88_Orem,31264749.531784814,4876477.86373293,0.15597367440207177
7,stn_8_Herriman,16802263.71088387,1053843.6008991485,0.0627203345354298
7,stn_93_American_Fork,19733438.061173536,2051726.9914891121,0.10397209979978
7,stn_94_Mapleton,788307.1649586587,105519.70136451979,0.13385607293072563
7,stn_98_Ogden,240011403.9860612,18699316.90548481,0.07791011841491825
7,stn_Inland_Port,99546493.8776881,15470297.018748548,0.15540775386581437
7,stn_UTNW_MERGED_17,262580360.38009784,52653369.28533265,0.2005228769170487
7,stn_UTNW_MERGED_23,8668312.220582034,1258778.0453342227,0.14521604821125167
7,stn_UTNW_MERGED_24,194050063.5402381,25564129.87790612,0.13173986862727904
7,stn_UTNW_MERGED_44,176432577.70758155,21801318.697501868,0.12356742150894186
8,stn_100_South_Ogden,5863137.706757867,436819.39388537477,0.07450266661516336
8,stn_102_Riverton,19582136.448240668,1977673.939832903,0.10099377792919959
8,stn_103_Cottonwood_Heights,6140522.509936717,660295.4632995697,0.10753082693387513
8,stn_112_Sunset,153608742.42987224,14375754.60628907,0.09358682571632994
8,stn_115_Clearfield,66879646.85941556,7010483.721095381,0.10482237945771121
8,stn_117_Draper,94113453.88988753,10705024.515910162,0.11374595313901677
8,stn_122_West_Bountiful,181336256.55902317,17233060.795796882,0.0950337297284379
8,stn_126_Harrisville,8225324.112376638,545353.1643604501,0.06630172342265002
8,stn_131_Millcreek,69302088.8737012,7019388.731004419,0.10128682764233592
8,stn_132_Syracuse,33990049.62610891,2585312.140499169,0.076060852188733
8,stn_136_Provo,85682679.06725046,8195139.958273848,0.09564523480692827
8,stn_137_Lindon,15908727.825238721,1732045.8068169514,0.10887393548019046
8,stn_141_Kaysville,53697345.57517028,5426235.251655922,0.10105220646446667
8,stn_143_Clinton,7851757.583827437,532177.0334568683,0.06777807742727736
8,stn_147_South_Salt_Lake,62518354.851307765,9684281.714871176,0.1549030158887586
8,stn_14_Taylorsville,13121290.133488199,1247849.4315044046,0.0951011233506406
8,stn_151_North_Salt_Lake,189328720.5803453,21716056.322965797,0.11470027503698346
8,stn_157_Farmington,6527445.69936992,495990.3949262492,0.07598537280426952
8,stn_160_Bountiful,7829761.95605462,603858.2651802069,0.07712345133471825
8,stn_167_West_Valley_City,934368094.3420867,119368174.57983951,0.12775283670606263
8,stn_172_Santaquin,8923611.667800874,801841.858580441,0.08985620267113732
8,stn_174_Eagle_Mountain,46082165.513438374,2855911.6917209467,0.06197433779209253
8,stn_181_South_Jordan,14648264.923832813,1687928.2753010658,0.11523059448186225
8,stn_185_Spanish_Fork,99848514.14586316,12742489.978762152,0.12761822334328735
8,stn_18_Cedar_Fort,91028.87041661846,13155.723956789887,0.14452254429368536
8,stn_190_Sandy,15399273.29015642,2205294.707687505,0.14320771286637154
8,stn_194_Uintah,4116772.9360706513,311182.2042168185,0.07558886755455439
8,stn_195_Marriott_Slaterville,65200518.43017538,3967722.0669834577,0.06085414905454434
8,stn_198_West_Jordan,11541976.963229667,2063094.4745426977,0.178747062233384
8,stn_208_Cedar_Hills,2801263.7152418243,186530.13994936857,0.06658785423680327
8,stn_209_Woods_Cross,11489939.215655783,969098.8950536861,0.08434325690193611
8,stn_213_Pleasant_Grove,6469334.69487786,459556.9417087262,0.07103619821565015
8,stn_217_Layton,129619702.669088,11356327.418582086,0.08761266369800405
8,stn_219_Salt_Lake_City,795283428.9201047,106660803.6801148,0.13411671839427966
8,stn_222_Roy,9690590.011862583,734693.0717908804,0.07581510216524665
8,stn_228_Payson,20814168.91979648,2348472.489090762,0.11283047130731777
8,stn_22_West_Haven,245356994.05641633,18044602.20054747,0.07354427482266258
8,stn_23_Farr_West,69330308.72777918,7160882.142033925,0.10328645975241002
8,stn_241_Pleasant_View,46769949.22694452,5353415.645980983,0.11446272092373451
8,stn_244_Riverdale,18276670.562405188,1877577.660026471,0.1027308367580153
8,stn_254_Magna_City,15380047.811209796,2043925.109392962,0.13289458748647326
8,stn_256_Kearns,2.332575509148738e-6,1.1373625296342098e-6,0.48759944755198287
8,stn_25_Vineyard,25795554.61873482,2601740.992381694,0.10086005247168048
8,stn_27_Midvale,29338388.52397897,3196365.9802700044,0.10894824634480307
8,stn_31_Springville,293539384.24282414,35637028.5401379,0.1214045898204172
8,stn_33_Murray,12311836.037125353,1651824.4745980152,0.1341655679637928
8,stn_35_Centerville,24628243.456671182,1699657.7391827684,0.06901254416186849
8,stn_47_Lehi,9350029.880200014,1478257.6293462326,0.15810191499779572
8,stn_52_Plain_City,1716944.366808354,162357.67288705293,0.0945619881608985
8,stn_53_Holladay,3136084.1053932044,267596.21827809035,0.0853281383040392
8,stn_61_Saratoga_Springs,15128393.090305587,1074302.544951487,0.07101233677223194
8,stn_62_Salem,5921394.694225668,416911.78650814766,0.070407700894302
8,stn_6_Bluffdale,103861.55289825235,9545.953172674544,0.09191036438696625
8,stn_88_Orem,59468500.195294484,9830395.11582722,0.1653042381015868
8,stn_8_Herriman,17288236.400673777,1107377.3192664324,0.06405380477231758
8,stn_93_American_Fork,24937050.483174153,2589837.9983258424,0.10385502487847516
8,stn_94_Mapleton,788307.1649586594,110674.28540502682,0.140394874389897
8,stn_98_Ogden,242960946.6611786,20124890.294922665,0.08283179075272476
8,stn_Inland_Port,103896843.02559699,16830133.24902879,0.16198888011334822
8,stn_UTNW_MERGED_17,267328160.61627108,55910378.13697791,0.20914511216509263
8,stn_UTNW_MERGED_23,8657091.908326948,1299049.8658236454,0.15005614813608895
8,stn_UTNW_MERGED_24,201172375.44058976,27548446.93816506,0.1369395120867411
8,stn_UTNW_MERGED_44,180152560.48413533,23006269.266825892,0.12770437014605673
9,stn_100_South_Ogden,4775650.529656083,356617.6922137989,0.07467416009593997
9,stn_102_Riverton,16671254.28708612,1771475.6452406365,0.10625929007710333
9,stn_103_Cottonwood_Heights,5727307.524263228,582535.9122917976,0.10171200163845508
9,stn_111_Alpine,355713.3545782871,68274.63789066262,0.1919372354507326
9,stn_112_Sunset,158955895.31575796,14921658.45660954,0.09387294775678756
9,stn_115_Clearfield,63022668.38088005,6529242.509739879,0.10360149256581992
9,stn_117_Draper,84006019.45667402,9604535.283332521,0.11433151273506115
9,stn_122_West_Bountiful,183389163.6259639,17434637.10565176,0.09506906930014154
9,stn_126_Harrisville,7461305.790091651,487599.49592687277,0.06535042385937159
9,stn_131_Millcreek,77485645.03958532,8123626.943934414,0.1048404119212568
9,stn_132_Syracuse,31081452.710615877,2172680.825198878,0.06990280812893918
9,stn_136_Provo,75585024.692954,6718174.320130192,0.0888823460390621
9,stn_137_Lindon,14822928.609906422,1587503.6068246511,0.10709783799158924
9,stn_141_Kaysville,58461123.263610505,6087825.039872131,0.10413458893735517
9,stn_143_Clinton,7099335.244931704,468178.8308578541,0.06594685483997847
9,stn_147_South_Salt_Lake,53803955.05956535,8432305.796889203,0.1567227871548468
9,stn_14_Taylorsville,12266068.99255093,1169638.2979977627,0.09535559425828057
9,stn_151_North_Salt_Lake,173194542.06110987,19892841.300264455,0.11485836137518396
9,stn_157_Farmington,6242839.207609984,524791.2116244158,0.08406290698384454
9,stn_160_Bountiful,7320184.26184848,588283.0229567967,0.08036451022453422
9,stn_167_West_Valley_City,862079196.1439521,109747342.65461044,0.1273054066789991
9,stn_172_Santaquin,8970558.192708679,804205.4143788421,0.08964942839705392
9,stn_174_Eagle_Mountain,40325892.64835599,2514088.8973714476,0.06234428384002411
9,stn_181_South_Jordan,14773607.069738215,1677904.646770353,0.11357447364410546
9,stn_185_Spanish_Fork,96434080.42119282,12228323.596516041,0.12680500029768194
9,stn_18_Cedar_Fort,91028.87041661846,13155.723956789887,0.14452254429368536
9,stn_190_Sandy,14692886.371666577,2123087.200622247,0.1444976260563996
9,stn_194_Uintah,83574910.48657107,8615875.658891391,0.10309165285047839
9,stn_195_Marriott_Slaterville,117768159.64389682,9418284.385475507,0.07997309641208779
9,stn_198_West_Jordan,8745309.636566928,1570552.7524164973,0.17958800976577383
9,stn_208_Cedar_Hills,2798941.951101632,186459.17522842367,0.06661773573225963
9,stn_209_Woods_Cross,11566467.745872963,975010.1065517138,0.08429627159939192
9,stn_213_Pleasant_Grove,5864400.304574055,422980.4008202847,0.07212679538441003
9,stn_217_Layton,124666056.29839143,10875423.844945516,0.08723644725646015
9,stn_219_Salt_Lake_City,753027746.1988493,101552186.83416428,0.1348584927272358
9,stn_222_Roy,7467359.388242351,547248.5763531417,0.07328542097689927
9,stn_228_Payson,21337918.195241157,2448611.2383207623,0.1147539893965316
9,stn_22_West_Haven,202936746.05421063,14820196.970345626,0.07302865182625277
9,stn_23_Farr_West,68359972.17004457,7358734.807060849,0.10764683737372052
9,stn_241_Pleasant_View,46562760.70016246,5302342.499714065,0.1138751744953036
9,stn_244_Riverdale,17322055.646918934,1776553.8927195037,0.10256022315893544
9,stn_254_Magna_City,63241133.797055155,6575191.471900459,0.10397017063294073
9,stn_256_Kearns,45870951.11750984,4929786.681931587,0.10747077533454044
9,stn_25_Vineyard,82758657.90722904,7020620.399041299,0.08483245833821143
9,stn_27_Midvale,45723156.88968208,5534792.89757684,0.12105010401908241
9,stn_31_Springville,281038924.7937427,34338814.795488045,0.12218526248878031
9,stn_33_Murray,11602667.299533298,1605798.643842182,0.13839909413818777
9,stn_35_Centerville,21239975.505517114,1407303.3337832005,0.06625729551418981
9,stn_47_Lehi,8182863.1241015745,1272788.6947441169,0.1555431974653567
9,stn_52_Plain_City,1759489.4355400542,144515.14191800036,0.08213470282851865
9,stn_53_Holladay,2522222.699915195,216896.56331214006,0.08599421586342586
9,stn_61_Saratoga_Springs,14938387.551965464,1066061.4952126648,0.07136389329197726
9,stn_62_Salem,5875286.526532473,415502.49036260485,0.07072037908044455
9,stn_6_Bluffdale,125983.14760549298,13018.62852616974,0.10333626975995729
9,stn_88_Orem,21344399.632334586,3443033.8874195074,0.16130853744903006
9,stn_8_Herriman,14842769.361891251,957394.302029713,0.06450240374197412
9,stn_93_American_Fork,21794436.66462222,2492139.6315531996,0.11434751307881064
9,stn_94_Mapleton,788307.1649586587,110674.28540502679,0.14039487438989712
9,stn_98_Ogden,214391141.51435587,18449002.383364663,0.08605300691553665
9,stn_Inland_Port,78740740.59596413,12577475.06507775,0.15973275041462348
9,stn_UTNW_MERGED_17,257215240.94401297,54131225.83815962,0.21045108229003487
9,stn_UTNW_MERGED_23,8799485.968295798,1337269.42658743,0.15197131189316732
9,stn_UTNW_MERGED_24,191224073.83348647,26603029.281876512,0.1391196659947838
9,stn_UTNW_MERGED_44,176725451.11781165,22845877.234983306,0.12927327156603724
10,dwpt_1641,8953024.30924421,2155598.505113304,0.24076763679593693
10,dwpt_564,11539160.577710724,2306762.506894148,0.19990730619954603
10,stn_100_South_Ogden,4774397.763876106,356579.4014277337,0.07468573400517094
10,stn_102_Riverton,16777835.053365827,1784551.1677237493,0.10636361378256295
10,stn_103_Cottonwood_Heights,5727307.524263203,582535.9122917977,0.10171200163845555
10,stn_111_Alpine,214498.57188269467,41170.26289529468,0.1919372354507327
10,stn_112_Sunset,159013306.23080194,14922322.589097131,0.0938432320087599
10,stn_115_Clearfield,62569232.78006175,6508487.969496965,0.10402058136744412
10,stn_117_Draper,83569034.09166932,9557063.015348326,0.11436129565485828
10,stn_122_West_Bountiful,182232146.56991312,17323207.686002534,0.0950612063352747
10,stn_126_Harrisville,7444433.516617273,486348.5317114517,0.06533049568188594
10,stn_131_Millcreek,74957699.3798439,7926452.2961404715,0.10574567204862602
10,stn_132_Syracuse,30004302.55027971,2137702.992032782,0.0712465483392099
10,stn_136_Provo,75262775.875971,6693484.736014849,0.08893486398967466
10,stn_137_Lindon,14819760.85012335,1582837.6051633433,0.10680588041676589
10,stn_141_Kaysville,58070902.41829715,6062861.312136547,0.10440446178129725
10,stn_143_Clinton,7099335.244931761,468178.8308578551,0.06594685483997809
10,stn_147_South_Salt_Lake,53901771.66386806,8448590.808510387,0.15674050309878265
10,stn_14_Taylorsville,12249526.80548595,1168107.0813787377,0.09535936366583572
10,stn_151_North_Salt_Lake,172970720.2721887,19866816.606372237,0.11485652933114684
10,stn_157_Farmington,6242839.207609984,524791.2116244162,0.0840629069838446
10,stn_160_Bountiful,7317429.646969364,575650.2426866752,0.07866836723535707
10,stn_167_West_Valley_City,857024220.1542612,109127659.33514169,0.1273332267266602
10,stn_172_Santaquin,8970558.192708742,804205.4143788592,0.0896494283970552
10,stn_174_Eagle_Mountain,40301423.3579707,2513340.993510739,0.06236357885393786
10,stn_181_South_Jordan,14744708.376741208,1674365.2175064539,0.11355702498312228
10,stn_185_Spanish_Fork,96307348.1154594,12211952.828824334,0.1268018803111873
10,stn_18_Cedar_Fort,91028.87041661846,13155.723956789887,0.14452254429368536
10,stn_190_Sandy,14779723.739336383,2137642.301043865,0.1446334409725473
10,stn_194_Uintah,84152823.7573407,8654833.639123116,0.10284662180891048
10,stn_195_Marriott_Slaterville,117614224.3497806,9362479.751545353,0.07960329461257734
10,stn_198_West_Jordan,8682477.474628055,1563856.0354182194,0.18011633660877568
10,stn_208_Cedar_Hills,2798941.951100591,186459.17522834975,0.06661773573225799
10,stn_209_Woods_Cross,11566467.745872686,975010.1065517111,0.08429627159939371
10,stn_213_Pleasant_Grove,5864400.304574024,422980.40082028334,0.07212679538441018
10,stn_217_Layton,124233117.98778316,10809142.925946444,0.08700693583984098
10,stn_219_Salt_Lake_City,747031031.7571566,100626308.81980242,0.13470164496796141
10,stn_222_Roy,7467359.388242707,547248.5763531518,0.07328542097689714
10,stn_228_Payson,20962305.536627933,2437130.637410248,0.11626252814375747
10,stn_22_West_Haven,203284607.91275504,14855607.33664079,0.07307787583709469
10,stn_23_Farr_West,68192665.84302126,7341088.396703422,0.10765216912919234
10,stn_241_Pleasant_View,46090206.439875744,5287898.878748409,0.11472933812189419
10,stn_244_Riverdale,17322055.646918934,1776553.8927195026,0.10256022315893537
10,stn_254_Magna_City,63023264.09316206,6557740.21731502,0.10405269088603943
10,stn_256_Kearns,45846795.52165452,4929048.366144264,0.10751129517473383
10,stn_25_Vineyard,73704010.48098522,6253896.852046864,0.08485151365895206
10,stn_27_Midvale,45680420.94069789,5535339.6712322775,0.12117532100718226
10,stn_31_Springville,282630925.8080273,34547949.06242734,0.12223697376235997
10,stn_33_Murray,11390940.012166208,1578321.995786856,0.13855941600088434
10,stn_35_Centerville,21093609.569154937,1401193.9917297259,0.06642741666076363
10,stn_47_Lehi,8009086.283466299,1244917.5899000356,0.15543815434602118
10,stn_52_Plain_City,1759489.4355400542,144515.14191800036,0.08213470282851865
10,stn_53_Holladay,2522222.699915195,216896.56331214006,0.08599421586342586
10,stn_61_Saratoga_Springs,14789168.286480673,1041338.9207735646,0.07041227069716227
10,stn_62_Salem,5875286.5265324665,415502.49036260485,0.07072037908044464
10,stn_6_Bluffdale,125983.14760549298,13018.62852616974,0.10333626975995729
10,stn_88_Orem,31127942.67737263,5059330.498701467,0.16253340450858547
10,stn_8_Herriman,14705150.954828445,953187.9954178385,0.0648200075161322
10,stn_93_American_Fork,22037914.387937132,2512907.0959972823,0.11402653861713745
10,stn_94_Mapleton,788307.1649586594,110674.2854050269,0.14039487438989712
10,stn_98_Ogden,214696679.76799598,18426220.234772388,0.08582443032972843
10,stn_Inland_Port,76838289.50179704,12292087.259044543,0.15997346295374085
10,stn_UTNW_MERGED_17,257544541.56062543,54207899.44919819,0.2104797062314666
10,stn_UTNW_MERGED_23,8798976.238663366,1337245.0865384843,0.15197734944010058
10,stn_UTNW_MERGED_24,190090381.06716645,26406949.55659309,0.13891786322035132
10,stn_UTNW_MERGED_44,176584378.66022626,22885150.61527179,0.12959895314016487
11,dwpt_1641,30778336.174017873,6872343.736162185,0.2232850956369632
11,dwpt_356,87777754.55268751,22574010.49894861,0.2571723395521452
11,dwpt_362,8728729.047669865,2392320.7549329894,0.27407435170319777
11,dwpt_366,13117929.44583941,3419664.6010901094,0.26068630840019635
11,dwpt_431,4072324.3343669213,993501.8069949073,0.24396431261886609
11,dwpt_434,6872264.246848286,1761575.4074649317,0.25633115145023916
11,dwpt_452,4022010.0767591856,1141195.9697832987,0.2837377201955794
11,dwpt_461,113622411.49994618,33017769.28114435,0.29059204821717755
11,dwpt_462,32178497.864361234,9541594.342200143,0.2965208128241368
11,dwpt_554,9940276.43092033,2560805.5296180015,0.2576191464507297
11,dwpt_564,33018610.614387576,6488915.907828154,0.19652298467703133
11,dwpt_793,6305951.0647599595,1573007.611273882,0.2494481157750246
11,dwpt_819,6494321.369129978,1683916.889608084,0.25929066239505677
11,stn_100_South_Ogden,4301563.112519232,320492.803243642,0.07450612599659005
11,stn_102_Riverton,14862461.84226476,1547493.29114005,0.10412092609983388
11,stn_103_Cottonwood_Heights,5727307.524263186,582535.9122918029,0.10171200163845676
11,stn_111_Alpine,355713.35457828717,68274.63789066263,0.1919372354507326
11,stn_112_Sunset,100601371.248219,9266512.12277297,0.09211119100861181
11,stn_115_Clearfield,58286706.73096903,5919602.465408261,0.1015600777160231
11,stn_117_Draper,82867602.39882916,9471647.266821032,0.11429855567964227
11,stn_122_West_Bountiful,149280422.52637318,14015699.381005004,0.09388839570392339
11,stn_126_Harrisville,6351940.053436994,406032.93864678947,0.06392266539528937
11,stn_131_Millcreek,62613992.34445558,6736229.755676959,0.10758345704294396
11,stn_132_Syracuse,28988963.27602377,2074860.0317346677,0.07157413709412457
11,stn_136_Provo,69299153.40929699,6181042.270930527,0.08919361877949428
11,stn_137_Lindon,13858786.814571531,1479674.6648033573,0.10676797937663522
11,stn_141_Kaysville,47845992.27950947,5223196.043491783,0.10916684542727456
11,stn_143_Clinton,6050536.749359211,420637.52870264364,0.0695206964484914
11,stn_147_South_Salt_Lake,51573274.73710957,8089309.00980171,0.15685079241208325
11,stn_14_Taylorsville,11124167.972965209,1063938.984384313,0.09564211786175629
11,stn_151_North_Salt_Lake,161500245.21667296,18477856.345729195,0.1144137974585662
11,stn_157_Farmington,5987234.298919738,522806.1327035913,0.08732013924992378
11,stn_160_Bountiful,6940706.660386916,547462.9058293016,0.07887711332822453
11,stn_167_West_Valley_City,766582283.2848194,97634361.70922658,0.12736318571159969
11,stn_172_Santaquin,8955940.98301358,803758.6393645421,0.08974586153359017
11,stn_174_Eagle_Mountain,37641370.831413224,2431592.2925542416,0.06459893034833314
11,stn_181_South_Jordan,12869283.51441941,1457312.5734165707,0.11323960434811482
11,stn_185_Spanish_Fork,93874571.27772586,12005442.298458781,0.1278881185293613
11,stn_18_Cedar_Fort,91028.87041661846,13155.7239567899,0.1445225442936855
11,stn_190_Sandy,14481764.749696266,2094664.2831732014,0.1446415073975797
11,stn_194_Uintah,67013164.996093124,6998389.738464986,0.10443305787561284
11,stn_195_Marriott_Slaterville,103082042.82501586,8143545.366071636,0.07900062069875247
11,stn_198_West_Jordan,7728218.080137992,1389386.1251721457,0.1797809159582279
11,stn_208_Cedar_Hills,2798941.951101632,186459.17522842367,0.06661773573225963
11,stn_209_Woods_Cross,11317169.280808756,961595.8996708493,0.0849678816151923
11,stn_213_Pleasant_Grove,4909564.860079985,352065.5177047304,0.07171012660763476
11,stn_217_Layton,101370179.48101975,8409849.416944394,0.08296176903306193
11,stn_219_Salt_Lake_City,679646017.6088243,91621163.89926498,0.1348071812759422
11,stn_222_Roy,5859289.040046501,442626.73901021323,0.07554273837405714
11,stn_228_Payson,19900053.392951246,2276075.6973345433,0.11437535630636786
11,stn_22_West_Haven,190588107.7663617,13817313.401082082,0.07249829783724208
11,stn_23_Farr_West,61381555.57433038,6334242.697208013,0.10319456126421434
11,stn_241_Pleasant_View,42781070.2786909,4896849.822401964,0.11446300409274866
11,stn_244_Riverdale,16827708.924304582,1737822.450741858,0.10327148268127503
11,stn_254_Magna_City,59836983.162682064,6322453.973371599,0.10566130909679051
11,stn_256_Kearns,45694088.728410885,4924380.883008771,0.10776844489180006
11,stn_25_Vineyard,78241620.20899427,6703011.712406745,0.08567066600234079
11,stn_27_Midvale,44405201.506433114,5344700.0073939,0.12036202575546465
11,stn_31_Springville,261439917.8803823,31945779.991408117,0.1221916693151059
11,stn_33_Murray,12739437.892940907,1806259.9064610663,0.1417848983322835
11,stn_35_Centerville,19417697.337365307,1306538.6523999167,0.06728597267224655
11,stn_47_Lehi,8669708.333154399,1346808.59045272,0.15534647057298354
11,stn_52_Plain_City,1742671.8497461407,143093.21692279176,0.08211139517955518
11,stn_53_Holladay,2522222.699915195,216896.56331214006,0.08599421586342586
11,stn_61_Saratoga_Springs,12538902.699958524,877292.5073079912,0.06996565236213956
11,stn_62_Salem,5861820.42850974,414491.01357832906,0.07071028849031218
11,stn_6_Bluffdale,125983.147605493,13018.628526169741,0.10333626975995729
11,stn_88_Orem,20611553.70501736,3313920.968014431,0.16077977504469937
11,stn_8_Herriman,14440849.098025735,928951.4409222422,0.0643280346340052
11,stn_93_American_Fork,22075356.56427137,2500141.2264888464,0.11325485136377307
11,stn_94_Mapleton,788307.1649586587,110674.28540502675,0.14039487438989706
11,stn_98_Ogden,191133298.8076156,16801826.023655586,0.08790632573431065
11,stn_Inland_Port,69121205.7255611,11061191.322737645,0.16002601816083778
11,stn_UTNW_MERGED_17,210172898.61805567,44120823.004880786,0.20992631921140772
11,stn_UTNW_MERGED_23,8644135.73759439,1302121.0711296413,0.1506363517021788
11,stn_UTNW_MERGED_24,194095092.84390545,27009728.266596466,0.13915719285246508
11,stn_UTNW_MERGED_44,166147051.74219346,21473474.76695501,0.12924379061672972
12,dwpt_1641,20695307.894219078,4416536.485882026,0.21340762401103097
12,dwpt_356,59850172.04947445,15214416.664471067,0.25420840314200344
12,dwpt_362,8246588.658136152,2212564.8478327678,0.26830061975382186
12,dwpt_366,11462708.66944392,2949912.1737897275,0.25734861269337606
12,dwpt_431,4146774.2546727057,1057986.3266259385,0.2551347774559391
12,dwpt_434,6608685.800152473,1677396.7270817691,0.2538169884007905
12,dwpt_446,3131435.5594828236,978549.9348799651,0.3124924387847147
12,dwpt_461,88267379.85792744,25001302.768297415,0.28324509924888186
12,dwpt_554,6079817.0912706675,1495560.108625774,0.2459876812368389
12,dwpt_564,29734330.190265205,5605804.501444462,0.18852970507739097
12,dwpt_819,4724224.423805102,1200613.6283248458,0.2541398377001357
12,stn_100_South_Ogden,4645700.254114855,332900.2068748637,0.0716577025347261
12,stn_102_Riverton,16437077.83613139,1694239.2664313756,0.10307423760610053
12,stn_103_Cottonwood_Heights,5727307.524263203,559389.1505071272,0.09767052810370795
12,stn_111_Alpine,355713.3545782871,64817.07735144704,0.18221716029832608
12,stn_112_Sunset,109656797.35804278,9820473.196656566,0.08955644732712308
12,stn_115_Clearfield,58168297.79062169,5751832.295304241,0.09888259608366247
12,stn_117_Draper,79001857.83572167,8666546.06376875,0.10970053491387723
12,stn_122_West_Bountiful,150313912.52955493,13848298.45831795,0.09212918634923482
12,stn_126_Harrisville,6179493.248813806,378351.8247719628,0.06122699864500862
12,stn_131_Millcreek,67448160.10535677,7047661.6404171055,0.10449005027577285
12,stn_132_Syracuse,27536425.555870812,2160362.4509187257,0.07845471615534838
12,stn_136_Provo,70682135.49700333,5986310.114937556,0.08469339632772349
12,stn_137_Lindon,14542502.68101038,1418617.5702827838,0.09754975477056067
12,stn_141_Kaysville,48204248.90125925,4979190.978689508,0.10329361191559683
12,stn_143_Clinton,6039802.8245688435,412386.9788796326,0.06827821881901769
12,stn_147_South_Salt_Lake,53564558.14568106,8095642.24675508,0.1511380384159453
12,stn_14_Taylorsville,11159152.824085303,1008078.0924629555,0.09033643578096494
12,stn_151_North_Salt_Lake,168132541.26237667,18347808.878923256,0.10912705381815924
12,stn_157_Farmington,6039428.908966834,471062.0069909936,0.07799777331455969
12,stn_160_Bountiful,6907338.944318498,532209.4142688325,0.07704984778640281
12,stn_167_West_Valley_City,788945036.6857808,97718248.90668641,0.1238593873626274
12,stn_172_Santaquin,8700615.050857423,716472.3324774787,0.0823473200790411
12,stn_174_Eagle_Mountain,36089064.69744085,2343195.7944092825,0.06492813859416655
12,stn_181_South_Jordan,13595174.734206565,1502989.245725042,0.11055313926516876
12,stn_185_Spanish_Fork,92188101.0936563,11323611.390115295,0.12283159383672891
12,stn_18_Cedar_Fort,91028.87041661766,12582.668316855179,0.13822722680471894
12,stn_190_Sandy,14673894.836930048,2057786.7376510068,0.14023452944968223
12,stn_194_Uintah,68437341.39559846,7034490.031360669,0.10278730716171701
12,stn_195_Marriott_Slaterville,102845851.22799048,7922633.820929315,0.07703406337088194
12,stn_198_West_Jordan,9242783.383229101,1596182.14106424,0.17269496372277746
12,stn_208_Cedar_Hills,2798941.951101632,180395.59625541326,0.06445135319237742
12,stn_209_Woods_Cross,11623477.903618097,946313.5393389541,0.08141397498973955
12,stn_213_Pleasant_Grove,4709639.6055736225,339643.3726273695,0.07211663759269787
12,stn_217_Layton,105627919.2336557,8706081.065849645,0.08242215816626319
12,stn_219_Salt_Lake_City,728546110.6920743,95545946.55409978,0.13114605259965903
12,stn_222_Roy,5525211.724632953,417857.15040549636,0.07562735533600844
12,stn_228_Payson,19964465.333138157,2237259.188590955,0.11206206383485887
12,stn_22_West_Haven,188917890.06067967,13200469.274395783,0.06987410917068704
12,stn_23_Farr_West,64304637.940358214,6360871.606445865,0.09891777343253992
12,stn_241_Pleasant_View,42535272.88693903,4718950.208778263,0.11094204617709821
12,stn_244_Riverdale,17028374.901974782,1700376.3758099638,0.0998554698025101
12,stn_254_Magna_City,61484129.414697826,6284010.588628518,0.10220540891526914
12,stn_256_Kearns,45481805.64577542,4717673.510930303,0.10372660988160447
12,stn_25_Vineyard,75148446.08972932,6178645.000273606,0.08221919842355932
12,stn_27_Midvale,42331149.38006,4806173.261613947,0.11353750918650664
12,stn_31_Springville,266006147.94680142,31579405.91874691,0.11871682727070833
12,stn_33_Murray,11440998.097314417,1544824.605961632,0.1350253354490334
12,stn_35_Centerville,18142077.153075963,1229222.782985075,0.06775534976581565
12,stn_47_Lehi,8669185.097444065,1310574.1080696494,0.15117615938965773
12,stn_52_Plain_City,1759489.4355400552,139267.87176909248,0.07915243419824558
12,stn_53_Holladay,2522222.699915195,208475.5767877303,0.08265549937154237
12,stn_61_Saratoga_Springs,13265006.083174776,895948.9093954426,0.06754229163391465
12,stn_62_Salem,5857330.020176355,401164.82789998467,0.06848936742818296
12,stn_6_Bluffdale,125983.147605493,12466.40714851167,0.09895297415134689
12,stn_88_Orem,23374853.8223946,3609746.69515088,0.15442863183565722
12,stn_8_Herriman,14427449.536237463,906343.4399801991,0.06282076660214501
12,stn_93_American_Fork,21440885.114481322,2259324.084544673,0.10537457164110776
12,stn_94_Mapleton,788307.1649582265,105519.70136445921,0.1338560729307222
12,stn_98_Ogden,192755015.3930834,15721607.868407292,0.08156263968720281
12,stn_Inland_Port,77686878.72181304,11984848.955083543,0.154271212233919
12,stn_UTNW_MERGED_17,250294959.75065693,50478310.643721566,0.2016752981922125
12,stn_UTNW_MERGED_23,9285199.915634058,1357556.1085717052,0.14620644907019234
12,stn_UTNW_MERGED_24,192168139.0646957,25941921.199302346,0.13499595367663259
12,stn_UTNW_MERGED_44,168293528.61121753,21128082.305045508,0.12554304660076648
13,dwpt_1641,15604707.672321245,3252468.6972164926,0.20842868482474292
13,dwpt_356,12890198.109676925,3052300.3976560705,0.23679235739322335
13,dwpt_362,6487149.462655035,1694678.1003519413,0.26123617316169406
13,dwpt_366,7933875.788046578,1987722.716073128,0.25053615271717417
13,dwpt_434,6160949.737722522,1516648.4711228162,0.246171213155111
13,dwpt_461,22522757.853760112,6168549.934875356,0.2738807554087136
13,dwpt_462,23954473.602758914,6877122.740390424,0.28709137401367746
13,dwpt_554,4798570.643524748,1150331.6107023843,0.23972380447387104
13,dwpt_564,24677898.729277283,4422205.814004913,0.17919701602302596
13,dwpt_819,4683527.975252866,1185976.6642756127,0.2532229273620558
13,stn_100_South_Ogden,4578382.802666485,314641.7596845197,0.06872334036840912
13,stn_102_Riverton,17522240.2761396,1747680.670484973,0.09974070911838974
13,stn_103_Cottonwood_Heights,5044096.19671196,526643.852910482,0.10440797169050414
13,stn_111_Alpine,355713.35457828717,60495.12667742756,0.17006706635781785
13,stn_112_Sunset,107942907.85057643,9519115.479678616,0.08818657630435311
13,stn_115_Clearfield,58202530.589223355,5274326.55772797,0.09062022740819713
13,stn_117_Draper,76301549.98045257,7863451.181859428,0.1030575549759335
13,stn_122_West_Bountiful,138748414.47382632,13109732.749352176,0.09448564006347772
13,stn_126_Harrisville,6700821.359579662,402634.0453808153,0.06008726748179902
13,stn_131_Millcreek,72455120.21620469,7220486.364531119,0.0996546047123423
13,stn_132_Syracuse,28650428.889782347,2296846.07325406,0.08016794729635578
13,stn_136_Provo,72024985.00014982,5836390.598458875,0.08103286100575703
13,stn_137_Lindon,16958139.824386198,1566359.7910828977,0.0923662505029258
13,stn_141_Kaysville,55806856.27138936,5435811.452178734,0.09740400759620509
13,stn_143_Clinton,6073237.471908433,388641.8233001112,0.06399252871269427
13,stn_147_South_Salt_Lake,58031449.84670457,8346712.528693756,0.1438308460454179
13,stn_14_Taylorsville,11219827.602006976,930670.1308163131,0.08294870151568434
13,stn_151_North_Salt_Lake,175781641.59336823,18018567.09426362,0.1025053977817864
13,stn_157_Farmington,6147204.6359580085,439881.8857392453,0.07155803520288895
13,stn_160_Bountiful,6369332.619586402,468893.76458111586,0.07361740901067339
13,stn_167_West_Valley_City,850088116.4141175,100997019.25722,0.1188077062919671
13,stn_172_Santaquin,8699247.005414186,691936.3950248715,0.0795398032259836
13,stn_174_Eagle_Mountain,37205273.353459194,2387102.494362186,0.06416032672799173
13,stn_181_South_Jordan,14336070.553412415,1521747.8605999495,0.10614818439476274
13,stn_185_Spanish_Fork,91217246.19588825,10727507.264401942,0.11760393688453073
13,stn_18_Cedar_Fort,91028.87041661846,11866.348766936815,0.1303580799435084
13,stn_190_Sandy,15114977.009454021,2016450.573706316,0.13340745225381945
13,stn_194_Uintah,54038096.20871821,5837448.864569242,0.10802469505999103
13,stn_195_Marriott_Slaterville,107918746.86978611,8105382.044608401,0.07510633953513461
13,stn_198_West_Jordan,11004973.705454022,1840801.3957068897,0.16726994947698928
13,stn_208_Cedar_Hills,2798941.951101632,172816.1225391502,0.06174337501752465
13,stn_209_Woods_Cross,11622009.477769108,905721.033399499,0.07793153457084909
13,stn_213_Pleasant_Grove,5146103.42905264,384758.2605897641,0.0747669116826506
13,stn_217_Layton,110797395.0521818,8883232.185129289,0.08017546063195428
13,stn_219_Salt_Lake_City,789128894.8537899,98990843.89472923,0.12544318746948213
13,stn_222_Roy,5894171.449507673,418671.6979030005,0.07103147600804371
13,stn_228_Payson,21272927.21229544,2283021.0293830046,0.10732049269004465
13,stn_22_West_Haven,188987068.18743193,12735583.876069296,0.0673886525581661
13,stn_23_Farr_West,65939863.03820083,6183449.632616626,0.09377407455387614
13,stn_241_Pleasant_View,45952003.00081513,4800173.599918403,0.1044605955442955
13,stn_244_Riverdale,17344598.301111292,1602201.5708563044,0.09237467152834834
13,stn_254_Magna_City,55775988.87048836,5729561.339732243,0.10272451382325579
13,stn_256_Kearns,42345439.31181854,4371265.003287915,0.10322870831730638
13,stn_25_Vineyard,70150223.13132282,5527577.527099397,0.07879629287495844
13,stn_27_Midvale,40828742.004575685,4332638.814778243,0.10611737227398982
13,stn_31_Springville,279262442.4055078,32163423.45631861,0.11517274997407335
13,stn_33_Murray,13474711.319101995,1809683.4360285555,0.13430220456471786
13,stn_35_Centerville,19051320.427788973,1206535.5506239552,0.06333080980907009
13,stn_47_Lehi,8738987.171497326,1261656.685922091,0.14437104222295366
13,stn_52_Plain_City,1759489.4355399117,132708.78408294666,0.07542459841040423
13,stn_53_Holladay,2552900.195621528,198887.0012884832,0.07790629717119131
13,stn_61_Saratoga_Springs,13797198.30338449,925345.1707526379,0.06706761404782072
13,stn_62_Salem,5747644.858036326,382149.8620082886,0.06648807841249425
13,stn_6_Bluffdale,136658.80045331112,13460.693198727939,0.09849854640957957
13,stn_88_Orem,30682012.952749945,4561820.921042542,0.14868062692195944
13,stn_8_Herriman,14670919.909309706,882451.2261158512,0.060149686016340076
13,stn_93_American_Fork,20862132.406998456,2053264.7835716507,0.0984206572710112
13,stn_94_Mapleton,788307.1649586594,99076.47131388605,0.1256825711067612
13,stn_98_Ogden,201340588.74308214,14991530.535408247,0.0744585611326387
13,stn_Inland_Port,87664566.79936618,13066153.198382448,0.1490471427103079
13,stn_UTNW_MERGED_17,286022978.8559605,54677231.60024208,0.19116377229179624
13,stn_UTNW_MERGED_23,10822464.539516605,1539378.0255645907,0.1422391378547634
13,stn_UTNW_MERGED_24,195413592.3330866,25538074.352264654,0.1306872978862927
13,stn_UTNW_MERGED_44,174820644.6504671,21332563.31736804,0.1220254241712696
14,stn_100_South_Ogden,4752798.93372727,327060.52990328486,0.06881429962929136
14,stn_102_Riverton,17960550.726358496,1786412.373595695,0.09946311785272803
14,stn_103_Cottonwood_Heights,5828809.749712295,550628.6226578694,0.09446673442807907
14,stn_111_Alpine,894466.0198261831,157187.25324700167,0.17573306281388648
14,stn_112_Sunset,136165074.8861232,11882878.56607233,0.08726818221199636
14,stn_115_Clearfield,60214707.4605819,5472398.562131625,0.09088142736081543
14,stn_117_Draper,79566069.28570563,8211606.247171781,0.10320487515457837
14,stn_122_West_Bountiful,148815012.23588076,14100933.369472545,0.09475477747582156
14,stn_126_Harrisville,7514986.157918454,456539.3469253914,0.0607505239972187
14,stn_131_Millcreek,80575263.22692646,7861452.984316192,0.09756658147272511
14,stn_132_Syracuse,28999993.81672551,2327346.9423438264,0.08025335995077171
14,stn_136_Provo,75223727.25113319,6105609.464483194,0.08116600556231036
14,stn_137_Lindon,17009065.75611062,1580363.2889855206,0.09291299778870951
14,stn_141_Kaysville,60755958.5269361,5897814.831937662,0.09707385044913532
14,stn_143_Clinton,6787145.495172606,424616.4109846322,0.06256185480135101
14,stn_147_South_Salt_Lake,60395959.50237788,8701890.402774755,0.14408067152956064
14,stn_14_Taylorsville,11972722.024807522,996840.4451623054,0.08325929918834234
14,stn_151_North_Salt_Lake,185862997.8982631,19233945.536409102,0.10348453298346828
14,stn_157_Farmington,7509851.877008998,549779.5651580078,0.07320777748508302
14,stn_160_Bountiful,6596238.4048359115,486221.4202711297,0.07371192343725257
14,stn_167_West_Valley_City,904358394.7900348,107930276.77112529,0.11934458439586167
14,stn_172_Santaquin,8699247.005414186,691936.3950248715,0.0795398032259836
14,stn_174_Eagle_Mountain,38134305.866297305,2423464.672008516,0.06355077447863941
14,stn_181_South_Jordan,15290727.14670641,1604011.829058522,0.10490095164663393
14,stn_185_Spanish_Fork,92867338.91711655,10963226.862157423,0.11805255744371039
14,stn_18_Cedar_Fort,91028.87041661846,11866.348766936815,0.1303580799435084
14,stn_190_Sandy,15431156.852817189,2059070.9569585347,0.13343594239874637
14,stn_194_Uintah,59013387.62640928,6417204.301122764,0.10874150017869809
14,stn_195_Marriott_Slaterville,114754817.44202173,8672205.319942404,0.07557160137807648
14,stn_198_West_Jordan,11565874.693295097,1929026.2417207123,0.16678602292302167
14,stn_208_Cedar_Hills,2798941.951101632,172816.1225391502,0.06174337501752465
14,stn_209_Woods_Cross,12168440.888640538,960529.8174239455,0.0789361452477135
14,stn_213_Pleasant_Grove,5738081.986507391,402852.0851983685,0.07020674959779954
14,stn_217_Layton,120853942.90978837,9912300.437838068,0.08201884191099269
14,stn_219_Salt_Lake_City,827966487.0972068,104094148.3838764,0.12572265907624267
14,stn_222_Roy,6423323.819804329,440268.99804550887,0.06854223925128541
14,stn_228_Payson,21873350.847370364,2364052.264988853,0.10807910875132613
14,stn_22_West_Haven,199425156.70001334,13538458.017123101,0.06788741320879803
14,stn_23_Farr_West,66426777.31854955,6290535.879464569,0.0946987966810178
14,stn_241_Pleasant_View,49442469.0428731,5205698.101102544,0.10528798827964117
14,stn_244_Riverdale,17514219.653471474,1620450.9369122235,0.09252201747915362
14,stn_254_Magna_City,13900302.882445697,1750545.1531405086,0.12593575607271285
14,stn_256_Kearns,43521303.56561374,4403407.404235423,0.10117820569406295
14,stn_25_Vineyard,73028782.30211826,5731159.431827301,0.078478091119165
14,stn_27_Midvale,43583622.866183676,4559746.376693564,0.10462063676288483
14,stn_31_Springville,294958783.8805248,34154258.11377484,0.1157933242890277
14,stn_33_Murray,14699214.998773146,1956275.9490584764,0.13308710357809955
14,stn_35_Centerville,19738473.342299283,1243829.1815818883,0.06301547034624908
14,stn_47_Lehi,8753991.3505939,1263816.8234250394,0.14437035322627978
14,stn_52_Plain_City,1759489.4355400542,132708.78408295737,0.0754245984104042
14,stn_53_Holladay,2552900.195621525,198887.0012884821,0.07790629717119098
14,stn_61_Saratoga_Springs,15240115.563384894,1056638.101061238,0.06933268298830106
14,stn_62_Salem,5772914.771957154,384095.6831259795,0.06653409902945129
14,stn_6_Bluffdale,136658.80045362932,13460.693198723282,0.09849854640931614
14,stn_88_Orem,31329948.909008373,4618301.926340864,0.14740853678867485
14,stn_8_Herriman,14687449.98054761,887905.5809706114,0.0604533518171346
14,stn_93_American_Fork,21101889.826393783,2075879.4927110355,0.09837410344710315
14,stn_94_Mapleton,822971.4939879745,103509.19259374132,0.1257749428138198
14,stn_98_Ogden,211924613.04639912,15742261.884640135,0.0742823670094115
14,stn_Inland_Port,98130080.87434475,14676640.52814402,0.14956311456562857
14,stn_UTNW_MERGED_17,330332119.92578495,63159396.1376806,0.1911996815564605
14,stn_UTNW_MERGED_23,11444530.84301141,1624134.8745132969,0.14191362641178715
14,stn_UTNW_MERGED_24,196513997.93762714,25614821.263132438,0.13034603912166345
14,stn_UTNW_MERGED_44,203070568.17075995,25145041.305632364,0.12382415399797453
15,stn_100_South_Ogden,4752798.933727283,327060.52990328474,0.06881429962929114
15,stn_102_Riverton,17598057.01510551,1744370.388142222,0.09912289672916279
15,stn_103_Cottonwood_Heights,5044096.196711537,526643.8529104014,0.10440797169049693
15,stn_111_Alpine,358119.24499975663,60926.9215921463,0.17013026371198706
15,stn_112_Sunset,125042730.80814545,10917512.007444166,0.08731024935943725
15,stn_115_Clearfield,60202582.48674417,5472119.212129869,0.09089509097611814
15,stn_117_Draper,77347690.97991571,7985081.60005215,0.10323619876546251
15,stn_122_West_Bountiful,143117158.04443914,13533484.994815059,0.09456228155825169
15,stn_126_Harrisville,7514413.958170698,456521.85764010105,0.06075282253298118
15,stn_131_Millcreek,74999237.58478871,7298247.311901618,0.09731095337670263
15,stn_132_Syracuse,28936949.206299264,2325419.983826146,0.08036161542972634
15,stn_136_Provo,75831515.01987141,6152070.939257454,0.08112815545944616
15,stn_137_Lindon,17491121.162357684,1615979.0476181493,0.09238853430938822
15,stn_141_Kaysville,61662982.9599477,5981762.69739744,0.09700735206538431
15,stn_143_Clinton,6785606.028448589,424569.35718421295,0.06256911400458705
15,stn_147_South_Salt_Lake,60527817.54961112,8705920.643988442,0.14383338102109341
15,stn_14_Taylorsville,11850441.831649557,985748.2617220002,0.08318240583142765
15,stn_151_North_Salt_Lake,180576604.23313442,18553982.332990665,0.1027485393901662
15,stn_157_Farmington,6286725.044150477,448452.087582063,0.07133317974504516
15,stn_160_Bountiful,6596238.404836348,486221.4202711513,0.07371192343725096
15,stn_167_West_Valley_City,889727191.1807474,105743372.9115225,0.11884920901562152
15,stn_172_Santaquin,8699247.005414175,691936.3950248715,0.0795398032259837
15,stn_174_Eagle_Mountain,38777629.05246199,2498128.4838817655,0.06442189852561807
15,stn_181_South_Jordan,15271722.304284846,1603910.8180851184,0.10502488102701442
15,stn_185_Spanish_Fork,92108097.2736029,10838135.150539747,0.11766756095661775
15,stn_18_Cedar_Fort,91028.87041661846,11866.348766936815,0.1303580799435084
15,stn_190_Sandy,15392734.445823692,2056401.6109812907,0.13359560110771787
15,stn_194_Uintah,56971517.3536918,6050760.046354793,0.10620675606707707
15,stn_195_Marriott_Slaterville,117416709.97505109,8939807.739666626,0.0761374402465047
15,stn_198_West_Jordan,11570850.437791156,1929359.543739276,0.16674310623166136
15,stn_208_Cedar_Hills,2798941.951101632,172816.1225391502,0.06174337501752465
15,stn_209_Woods_Cross,11743280.772714473,918080.6294288663,0.07817922837730558
15,stn_213_Pleasant_Grove,5553597.41729523,397213.31434040016,0.07152360614101824
15,stn_217_Layton,117390592.69960164,9532068.576713877,0.08119959493778264
15,stn_219_Salt_Lake_City,821355543.1739655,103127372.61388919,0.1255575292222098
15,stn_222_Roy,6594807.483397141,455185.2400772561,0.06902176314065493
15,stn_228_Payson,21840419.006885715,2363929.2173756254,0.10823644073084587
15,stn_22_West_Haven,193947964.59221992,13082796.757592443,0.06745518977267602
15,stn_23_Farr_West,67088358.64540152,6299797.13867026,0.09390298504645367
15,stn_241_Pleasant_View,49471879.41825521,5194101.428637116,0.10499098659107105
15,stn_244_Riverdale,17599137.899951026,1623046.4631158698,0.09222306639920051
15,stn_254_Magna_City,60028831.61638332,5939752.859903507,0.0989483336584283
15,stn_256_Kearns,43260145.18345278,4399222.988254416,0.10169228442481373
15,stn_25_Vineyard,72107578.61945786,5664854.444313386,0.07856115200052988
15,stn_27_Midvale,41572912.12166821,4425313.983151265,0.10644705307629262
15,stn_31_Springville,291097969.33184475,33580958.382840924,0.11535964493300684
15,stn_33_Murray,14499368.301212177,1950167.6347475266,0.1345001791963922
15,stn_35_Centerville,19738201.293608576,1243820.8664136652,0.06301591760625254
15,stn_47_Lehi,9124380.851718834,1317508.2630807564,0.1443942646072875
15,stn_52_Plain_City,1759489.4355400542,132708.78408295746,0.07542459841040426
15,stn_53_Holladay,2552900.195621525,198887.0012884821,0.07790629717119098
15,stn_61_Saratoga_Springs,15229708.913042638,1056320.0217935275,0.06935917343035368
15,stn_62_Salem,5772914.7719570985,384095.6831259777,0.06653409902945162
15,stn_6_Bluffdale,136658.80045331112,13460.693198727939,0.09849854640957957
15,stn_88_Orem,30812029.727424197,4569186.180583484,0.14829228132662375
15,stn_8_Herriman,14691917.355250122,888042.1262783916,0.060444263659096324
15,stn_93_American_Fork,20966902.128329366,2064216.876661379,0.09845120962682982
15,stn_94_Mapleton,822971.4939879751,103509.19259374143,0.12577494281381982
15,stn_98_Ogden,210889053.16645437,15708649.749695148,0.07448774373934117
15,stn_Inland_Port,92872060.48901868,13837516.122893907,0.14899546806684744
15,stn_UTNW_MERGED_17,322335526.28345066,61672989.49541975,0.19133165433706076
15,stn_UTNW_MERGED_23,11444530.84301141,1624134.8745132973,0.1419136264117872
15,stn_UTNW_MERGED_24,191438946.08340964,24860835.77358486,0.12986299957351957
15,stn_UTNW_MERGED_44,179552049.9752811,21874659.66071938,0.12182907220346892
16,stn_100_South_Ogden,4752798.933727284,342893.84754315595,0.07214566665336473
16,stn_102_Riverton,15801282.109514782,1606081.8250666137,0.10164250052212583
16,stn_103_Cottonwood_Heights,5669117.672085831,557610.5776753257,0.09835932325429483
16,stn_111_Alpine,355713.3545782892,64817.077351447064,0.18221716029832505
16,stn_112_Sunset,150796510.5874686,13672251.999851089,0.09066689903225965
16,stn_115_Clearfield,59985091.505754255,5962218.347477146,0.09939500295511264
16,stn_117_Draper,85788991.68571752,9298456.932228126,0.10838753025903868
16,stn_122_West_Bountiful,171546103.9031659,15881793.991104968,0.09258032464596165
16,stn_126_Harrisville,7461901.353265986,473108.6535308338,0.06340323077626317
16,stn_131_Millcreek,78607148.65841453,7926085.25287216,0.10083160867868102
16,stn_132_Syracuse,28220236.34640253,2203528.4853982246,0.0780832753613393
16,stn_136_Provo,86601205.83036558,7729466.570832407,0.08925356750774215
16,stn_137_Lindon,15826849.476462295,1547927.051598058,0.09780386512806206
16,stn_141_Kaysville,60570007.11026252,6053304.91133358,0.0999389830071186
16,stn_143_Clinton,6887532.608355894,445081.6890232612,0.06462135489323012
16,stn_147_South_Salt_Lake,59932507.68795559,9056237.040900713,0.15110726032110802
16,stn_14_Taylorsville,12020478.32227167,1086688.9741788453,0.09040313913011402
16,stn_151_North_Salt_Lake,178984904.21093175,19599203.88865116,0.10950199389750608
16,stn_157_Farmington,6286725.0441504745,470774.6878695096,0.07488393154835761
16,stn_160_Bountiful,7293357.534742135,567324.818106897,0.07778650853251436
16,stn_167_West_Valley_City,875638382.0768752,108864591.3492168,0.12432597014649732
16,stn_172_Santaquin,8747178.547740132,720583.2865679736,0.08237893883555619
16,stn_174_Eagle_Mountain,38005049.63738989,2519412.069044083,0.06629150844643157
16,stn_181_South_Jordan,14372675.339427346,1580999.5191997294,0.11000036401453436
16,stn_185_Spanish_Fork,97861172.68898441,12131027.516920721,0.1239615997191727
16,stn_18_Cedar_Fort,91028.87041661846,12582.668316855188,0.13822722680471783
16,stn_190_Sandy,15420331.574643226,2155906.5932022105,0.13980935382396864
16,stn_194_Uintah,76204826.32874976,7695135.615995109,0.10097963589337607
16,stn_195_Marriott_Slaterville,117453875.66589963,9231698.582850028,0.0785985011606583
16,stn_198_West_Jordan,10456821.332489561,1808317.4432858618,0.1729318485788202
16,stn_208_Cedar_Hills,2798941.951101632,180395.59625541323,0.06445135319237741
16,stn_209_Woods_Cross,11623477.903618168,946313.5393389605,0.08141397498973961
16,stn_213_Pleasant_Grove,5884235.862202389,408905.5706424534,0.06949170295315212
16,stn_217_Layton,121214012.22464782,10321131.801907908,0.0851480089841395
16,stn_219_Salt_Lake_City,783656085.7894576,102677852.58204399,0.1310241245413235
16,stn_222_Roy,6443649.954774909,460903.90966843884,0.07152839041588491
16,stn_228_Payson,21018882.525109433,2369700.4853332127,0.11274150671437158
16,stn_22_West_Haven,200698470.00627515,14127563.87689336,0.07039198593019488
16,stn_23_Farr_West,67730452.78108035,6949969.561308241,0.10261218220070172
16,stn_241_Pleasant_View,46952863.13064974,5218068.758065458,0.11113419736610747
16,stn_244_Riverdale,17472677.82380135,1733824.817635622,0.09923062939292564
16,stn_254_Magna_City,14131958.803917175,1874234.0305105343,0.13262379663822849
16,stn_256_Kearns,45892711.71136717,4725889.494210374,0.10297690674573536
16,stn_25_Vineyard,24839232.346536424,2201344.1229355717,0.08862367774592383
16,stn_27_Midvale,43605994.0369331,4924972.392306799,0.11294255528575911
16,stn_31_Springville,292023450.1649529,34807337.6169979,0.11919363872091972
16,stn_33_Murray,12282882.217496216,1668355.061458884,0.13582765281933698
16,stn_35_Centerville,20006025.48658821,1310917.7063707411,0.0655261439734526
16,stn_47_Lehi,10605117.03880006,1630782.7252778264,0.1537731945165166
16,stn_52_Plain_City,1759489.4355395369,139267.87176905267,0.07915243419824627
16,stn_53_Holladay,2522222.699915195,208475.57678773027,0.08265549937154236
16,stn_61_Saratoga_Springs,14779156.940662812,1027151.5435265806,0.069500009212333
16,stn_62_Salem,4996031.280458655,340762.72804877243,0.06820668424988105
16,stn_6_Bluffdale,125983.147605493,12466.407148498341,0.0989529741512411
16,stn_88_Orem,60848483.843988776,9673685.463771835,0.1589798932143401
16,stn_8_Herriman,14714224.505232489,924691.3799666811,0.06284336491113439
16,stn_93_American_Fork,22759897.761720087,2234603.342213929,0.09818160721144857
16,stn_94_Mapleton,788307.1649586587,105519.7013645198,0.13385607293072566
16,stn_98_Ogden,213371627.1174998,16916038.24149712,0.07927969838361767
16,stn_Inland_Port,88360473.3385836,13749316.30178456,0.15560482851986676
16,stn_UTNW_MERGED_17,312770938.4478081,63278721.6977721,0.20231650041338922
16,stn_UTNW_MERGED_23,9296489.266576601,1369789.6462869495,0.14734483168949752
16,stn_UTNW_MERGED_24,193411609.20228323,26014485.525647648,0.13450322673464704
16,stn_UTNW_MERGED_44,187256730.3339214,23718234.973505497,0.1266615887782003
17,dwpt_1641,5298677.348936467,1241784.0948207164,0.2343573712919061
17,dwpt_564,6687137.153316883,1293591.9482759782,0.19344480584405904
17,stn_100_South_Ogden,4752798.933727282,342893.84754315484,0.07214566665336453
17,stn_102_Riverton,17204040.05728491,1786160.3867109795,0.10382214763297093
17,stn_103_Cottonwood_Heights,5727307.524263228,559389.1505071275,0.09767052810370758
17,stn_111_Alpine,355713.3545782871,64817.07735144703,0.18221716029832602
17,stn_112_Sunset,142903496.2912278,12947224.961139677,0.09060117699817573
17,stn_115_Clearfield,59777302.97426348,5953131.0868136715,0.09958848577321618
17,stn_117_Draper,80788510.41550659,8965911.084612755,0.1109800272155016
17,stn_122_West_Bountiful,169417680.01998836,15646706.63669942,0.09235580746267673
17,stn_126_Harrisville,7454375.268316874,472568.7636773719,0.06339481803202449
17,stn_131_Millcreek,76471510.18472552,7860809.462923855,0.10279396135809514
17,stn_132_Syracuse,28610612.272586975,2215460.3255820544,0.07743491486565562
17,stn_136_Provo,76794380.4680958,6554702.234548699,0.08535393077715951
17,stn_137_Lindon,15537404.044289041,1508573.18157023,0.09709300068853678
17,stn_141_Kaysville,59812937.89782693,5989396.949545815,0.10013547503346121
17,stn_143_Clinton,7225803.33407152,474292.7684854816,0.06563875967244628
17,stn_147_South_Salt_Lake,57784642.25844074,8736578.1057444,0.15119204280386847
17,stn_14_Taylorsville,12053745.567068331,1087705.787515979,0.09023799129190736
17,stn_151_North_Salt_Lake,175739701.31849647,19226226.147342496,0.10940172313425316
17,stn_157_Farmington,6286725.044150345,470774.6878695054,0.07488393154835848
17,stn_160_Bountiful,6494930.103941741,498874.77245168574,0.07680987546716185
17,stn_167_West_Valley_City,863253799.1463844,106916266.34612224,0.12385264501800605
17,stn_172_Santaquin,8700615.0508574,716472.332477479,0.08234732007904136
17,stn_174_Eagle_Mountain,38006189.4210103,2519446.906530437,0.06629043702912386
17,stn_181_South_Jordan,14167589.048334366,1576563.1576377805,0.1112795657933861
17,stn_185_Spanish_Fork,95440778.85495141,11764749.008313723,0.12326752934606186
17,stn_18_Cedar_Fort,91028.87041661846,12582.668316855188,0.13822722680471783
17,stn_190_Sandy,15424734.250554569,2156041.1609914196,0.13977817225044917
17,stn_194_Uintah,77318290.38485838,7812274.771822722,0.10104044894081927
17,stn_195_Marriott_Slaterville,121378568.2113232,9642901.865123235,0.07944484769613278
17,stn_198_West_Jordan,10310141.634827241,1783775.5480389637,0.1730117404026189
17,stn_208_Cedar_Hills,2798941.951101632,180395.59625541323,0.06445135319237741
17,stn_209_Woods_Cross,11623477.903618162,946313.5393389607,0.08141397498973967
17,stn_213_Pleasant_Grove,5864400.304574055,408299.2968235428,0.0696233673722924
17,stn_217_Layton,119822778.94313218,10186752.97317074,0.08501516208370836
17,stn_219_Salt_Lake_City,771446120.1463314,100944076.58164437,0.13085045597545664
17,stn_222_Roy,6428434.985041872,459661.0287102144,0.07150434433571866
17,stn_228_Payson,20889580.748248976,2365748.3765234756,0.11325016069179748
17,stn_22_West_Haven,199220719.37628564,13970611.284742571,0.07012629674504414
17,stn_23_Farr_West,67660638.83670472,6727085.385547609,0.09942391176327887
17,stn_241_Pleasant_View,46942768.52560147,5166902.166643854,0.1100681176020956
17,stn_244_Riverdale,17453116.31960203,1733226.9202597751,0.09930759003268343
17,stn_254_Magna_City,63000041.13200438,6329592.213293674,0.10046965207580166
17,stn_256_Kearns,45669209.115604825,4723401.497985636,0.10342639142335586
17,stn_25_Vineyard,78679634.0397444,6432168.498584447,0.08175137794025945
17,stn_27_Midvale,43096088.35913072,4895780.226940308,0.11360149872866697
17,stn_31_Springville,281290916.81690085,33363712.90590269,0.11860927925952174
17,stn_33_Murray,11251569.956205167,1517247.272485893,0.13484760601334048
17,stn_35_Centerville,20061877.34193719,1325193.1631280568,0.0660552918623365
17,stn_47_Lehi,8799036.339278322,1332895.3648492622,0.1514819706902794
17,stn_52_Plain_City,1759489.4355400542,139267.8717690924,0.07915243419824558
17,stn_53_Holladay,2522222.699915195,208475.57678773027,0.08265549937154236
17,stn_61_Saratoga_Springs,14807730.56142054,1028760.1842030091,0.06947453426005057
17,stn_62_Salem,5890774.154656538,404078.8618400105,0.06859520518548387
17,stn_6_Bluffdale,125983.147605493,12466.40714851167,0.09895297415134689
17,stn_88_Orem,23937129.308528684,3708733.1728130267,0.15493642220045253
17,stn_8_Herriman,14836375.470741909,928424.9242274754,0.06257761041828423
17,stn_93_American_Fork,21715865.85737035,2289085.0963957845,0.10541072188557798
17,stn_94_Mapleton,788307.1649586594,105519.70136451983,0.13385607293072557
17,stn_98_Ogden,211790466.15333205,16819857.313604157,0.07941744318852823
17,stn_Inland_Port,82161448.2559508,12684903.124872096,0.15438996505217217
17,stn_UTNW_MERGED_17,301445869.11164206,60940233.79915089,0.20215979067399778
17,stn_UTNW_MERGED_23,9388127.185249092,1383758.0713890037,0.1473944743274469
17,stn_UTNW_MERGED_24,189926797.2221729,25527934.487458877,0.13440933486387793
17,stn_UTNW_MERGED_44,179511139.1954445,22574623.842920247,0.1257561171083757
18,dwpt_1641,22323767.021309663,5016151.658791805,0.22470005416216368
18,dwpt_356,106920492.69058523,26474435.455694534,0.24760861823100927
18,dwpt_362,7445578.911028414,1700628.59351929,0.22840783958387892
18,dwpt_366,8289685.483115614,1859588.2818873788,0.22432555320403627
18,dwpt_431,7757203.132193861,1791834.5638369778,0.23098976954729022
18,dwpt_434,6717507.684421931,1617635.474172423,0.24080887587575972
18,dwpt_445,4432475.901092377,1255810.637619412,0.28332035314843323
18,dwpt_446,4016315.149298299,1041298.3125031089,0.25926708283463185
18,dwpt_452,4392545.651723865,939888.7595371433,0.21397358936230557
18,dwpt_461,321837979.164274,79656143.83894691,0.24750386528585697
18,dwpt_462,99711915.07953818,25261122.629999876,0.2533410637018614
18,dwpt_564,30918178.754842654,5412968.662702167,0.1750739817381496
18,dwpt_802,3234810.537901913,861157.5224490031,0.2662157527802376
18,stn_100_South_Ogden,58131789.86147569,5161612.991878062,0.08879157177471832
18,stn_102_Riverton,23729808.24057099,1950372.030133276,0.08219080450885034
18,stn_103_Cottonwood_Heights,101714140.51058267,9481500.745655788,0.0932171347863801
18,stn_109_Hooper,6501491.919380742,614537.061392481,0.09452246792164201
18,stn_111_Alpine,92069.35978958543,17470.905383438432,0.189758084810911
18,stn_112_Sunset,485491569.522194,44531983.01048635,0.09172555365752977
18,stn_115_Clearfield,274002349.37548184,25330726.741319455,0.0924471151399043
18,stn_117_Draper,132480742.51728578,14085855.331069002,0.1063237951676721
18,stn_122_West_Bountiful,565934685.4053411,50195027.91029437,0.088694029902661
18,stn_124_Washington_Terrace,126639010.29862043,11571934.754182205,0.09137733094166692
18,stn_126_Harrisville,78342827.1080567,6494389.380122356,0.08289705158539626
18,stn_131_Millcreek,271357428.17262614,29875241.38810276,0.11009553557935917
18,stn_132_Syracuse,125919886.63449189,9084015.724145811,0.07214123175407564
18,stn_136_Provo,150605840.77439493,14659437.273781233,0.09733644590677482
18,stn_137_Lindon,54417915.56516512,6227739.551880895,0.11444281698778438
18,stn_141_Kaysville,126839335.84962708,10810428.058934167,0.0852293019868091
18,stn_143_Clinton,22900699.455305904,1343607.0577636748,0.05867100524095006
18,stn_147_South_Salt_Lake,119923811.5055515,18156589.4813951,0.15140103748749342
18,stn_14_Taylorsville,78650260.63557939,7167744.601432541,0.09113440366896934
18,stn_151_North_Salt_Lake,661410092.3695421,75046665.92664853,0.11346465194957829
18,stn_157_Farmington,12129967.155858876,911172.5449799603,0.07511747833050449
18,stn_160_Bountiful,16002788.258830298,1233830.319566751,0.07710095888358245
18,stn_167_West_Valley_City,3323395999.9774933,418714948.62712336,0.1259900862340687
18,stn_172_Santaquin,152020829.12658393,13267820.57707633,0.08727633346893898
18,stn_174_Eagle_Mountain,134121811.46667366,8343609.293035135,0.06220919030092536
18,stn_181_South_Jordan,40325653.09468041,4607474.708988476,0.1142566667964585
18,stn_185_Spanish_Fork,176082134.0493391,21974036.0636635,0.12479423981484838
18,stn_18_Cedar_Fort,565785.5905071609,57739.48578211128,0.10205188458467908
18,stn_190_Sandy,45973938.74338557,6274571.961912054,0.13648106151911552
18,stn_194_Uintah,495442739.72146153,47388582.78383033,0.09564895997965828
18,stn_195_Marriott_Slaterville,593137535.4563396,46715053.319113255,0.07875922619392532
18,stn_198_West_Jordan,30434524.24378352,5578230.262509192,0.18328626456674735
18,stn_208_Cedar_Hills,2801263.7152418243,180466.5609763582,0.06442326725414321
18,stn_209_Woods_Cross,123845732.40916064,10307020.546727022,0.08322467271358823
18,stn_213_Pleasant_Grove,121638596.54925454,11976044.035602003,0.09845595374616642
18,stn_217_Layton,372154538.0266041,33877886.41089931,0.09103177027086928
18,stn_219_Salt_Lake_City,3585878924.9808908,482707436.329436,0.13461342293703024
18,stn_222_Roy,70527237.07437824,5576055.696116094,0.07906244349591589
18,stn_228_Payson,57977184.077250324,5192463.326258953,0.08956046087613324
18,stn_22_West_Haven,984929092.4406796,73667406.66668357,0.07479462961555318
18,stn_23_Farr_West,252158485.68246666,24166598.60418499,0.09583892661307081
18,stn_241_Pleasant_View,150218097.94564933,18741885.310207054,0.12476449619930675
18,stn_244_Riverdale,144754401.76155856,11920645.331708096,0.08235083138503758
18,stn_254_Magna_City,424668881.3932266,43583346.933292545,0.10262901013680842
18,stn_256_Kearns,71886836.02260509,6342306.240277903,0.08822625380651808
18,stn_25_Vineyard,92788889.01645482,7086090.055342363,0.07636787260256714
18,stn_27_Midvale,54601034.42033031,6055781.372986325,0.11090964552736565
18,stn_31_Springville,1135393526.6945572,132333568.79500227,0.1165530414641888
18,stn_33_Murray,63317266.54657062,8640387.533775052,0.13646179004616288
18,stn_35_Centerville,65618591.023255296,5650034.801318329,0.08610417738649631
18,stn_47_Lehi,37195559.75864063,5292413.633478331,0.14228616716136094
18,stn_52_Plain_City,86670461.16581914,8065789.918991699,0.09306273222153644
18,stn_53_Holladay,14285372.017038878,1155674.8306085004,0.08089917639037116
18,stn_61_Saratoga_Springs,14148445.753513291,946512.8455353685,0.06689871538012108
18,stn_62_Salem,99473951.68493973,8793929.877647836,0.0884043483614739
18,stn_66_South_Weber,107532243.32495782,10405467.107654,0.0967660190647109
18,stn_6_Bluffdale,192297399.6708394,18890306.790054988,0.09823485300576103
18,stn_72_Santaquin,319901796.1413036,28744141.70178105,0.0898530175463113
18,stn_88_Orem,29882457.786947723,4786477.209859694,0.1601768249447797
18,stn_8_Herriman,28185056.231361303,1775548.9265576773,0.06299611084621634
18,stn_93_American_Fork,53635835.87682931,5005297.370269764,0.09332002174374714
18,stn_94_Mapleton,159314170.42543662,14930510.93665834,0.09371740691231371
18,stn_98_Ogden,618200689.5322751,52146770.79295095,0.08435249535616778
18,stn_Inland_Port,493168235.12443185,78955993.49573086,0.16009951142901446
18,stn_UTNW_MERGED_17,946685193.707232,198621459.15867808,0.20980729441946142
18,stn_UTNW_MERGED_23,38457470.054083906,5572897.170691653,0.14491065488328583
18,stn_UTNW_MERGED_24,1000480937.899743,137376289.1179992,0.13731025141407094
18,stn_UTNW_MERGED_44,1065918002.9011555,141371627.63115248,0.1326289895154929
19,dwpt_1641,14255469.704695528,3059856.3685968835,0.2146443738426251
19,dwpt_356,5818148.150034104,1290795.9671369395,0.2218568406735008
19,dwpt_362,4330801.148476665,933314.4809239309,0.2155061959499616
19,dwpt_366,4614017.381963896,1013538.4897759054,0.21966507836268837
19,dwpt_431,4563103.495044087,982737.3260979966,0.2153659953506055
19,dwpt_446,3896335.7108921288,953303.3941080179,0.2446666470353356
19,dwpt_452,4536248.396586489,970333.618390664,0.21390663243239427
19,dwpt_461,214864212.24304473,52784117.93300163,0.24566267868422226
19,dwpt_462,55375140.235735565,13830152.941503618,0.24975382243056649
19,dwpt_564,24311777.78981377,4038520.6059525413,0.16611375115663543
19,stn_100_South_Ogden,61760988.70443597,5272539.454513155,0.08537006231790548
19,stn_102_Riverton,26626715.076979093,2211014.8942065993,0.08303746398361385
19,stn_103_Cottonwood_Heights,104348577.00783187,9557647.13381186,0.09159345922939142
19,stn_109_Hooper,6282976.941974499,611227.8941135228,0.09728316684247408
19,stn_112_Sunset,493898146.082135,44832707.63951936,0.09077318470449108
19,stn_115_Clearfield,306566038.1591784,28532763.499108866,0.09307216047295425
19,stn_117_Draper,142868978.27130774,15028531.225260342,0.10519100372315401
19,stn_122_West_Bountiful,535479950.2631864,47320033.96274515,0.0883693851459565
19,stn_124_Washington_Terrace,136319479.75390494,12007994.450203555,0.0880871499207697
19,stn_126_Harrisville,81372952.54055017,6464844.487011883,0.0794470924941588
19,stn_131_Millcreek,283068933.2531631,30253057.85690971,0.10687523180035036
19,stn_132_Syracuse,138242522.07714614,9812597.078373404,0.07098103341096086
19,stn_136_Provo,165935524.09526417,16471602.998319192,0.09926507954296024
19,stn_137_Lindon,54605249.19455226,5667240.23157248,0.10378563078030742
19,stn_141_Kaysville,141102443.36847842,11934201.118980449,0.08457827401198986
19,stn_143_Clinton,25766359.5308863,1481857.0267259998,0.05751130752288418
19,stn_147_South_Salt_Lake,131139102.68216841,19843342.436003737,0.1513152220058764
19,stn_14_Taylorsville,78200054.97442397,6951308.993832436,0.08889135686804726
19,stn_151_North_Salt_Lake,691808808.121814,77518258.74300493,0.11205156371665549
19,stn_157_Farmington,17703187.016228,1274489.9763276868,0.07199212069326266
19,stn_160_Bountiful,16510436.39014262,1226150.090809208,0.07426515337542913
19,stn_167_West_Valley_City,3562601564.448521,445855929.3886498,0.12514897367078062
19,stn_172_Santaquin,152835754.4140525,13075264.779026154,0.0855510860606839
19,stn_174_Eagle_Mountain,143572194.00603873,8331152.531052534,0.058027618709386865
19,stn_181_South_Jordan,36315305.96259002,3721411.769615989,0.10247502178419143
19,stn_185_Spanish_Fork,202282491.1314673,25142896.712148532,0.12429596141273382
19,stn_18_Cedar_Fort,565785.5905071609,57739.48578211166,0.10205188458467974
19,stn_190_Sandy,47262747.683263496,6368901.196628237,0.13475520380893063
19,stn_194_Uintah,471398775.0522328,44788194.23024831,0.09501126562173524
19,stn_195_Marriott_Slaterville,628280855.7438922,47875608.23289329,0.07620096616855847
19,stn_198_West_Jordan,24790993.958938714,4458215.157538579,0.17983204565830294
19,stn_208_Cedar_Hills,2801263.7152418243,180466.5609763582,0.06442326725414321
19,stn_209_Woods_Cross,136077966.88431615,11534734.440716255,0.08476562888775573
19,stn_213_Pleasant_Grove,107420926.91737567,10425442.626279958,0.09705224973806859
19,stn_217_Layton,394329157.0554134,35511637.680481486,0.09005582530507929
19,stn_219_Salt_Lake_City,3834424791.636987,512172935.0386175,0.13357229907225834
19,stn_222_Roy,77116467.88991174,6178810.717347458,0.08012310322832823
19,stn_228_Payson,64069847.69364449,5538835.12092635,0.08644994986426016
19,stn_22_West_Haven,1058072883.8628131,79165272.59466334,0.07482024518542306
19,stn_23_Farr_West,263024387.99978542,25118617.119798314,0.09549919424132947
19,stn_241_Pleasant_View,146254115.01570442,16246561.851854453,0.11108447683752307
19,stn_244_Riverdale,152429279.0576172,12049058.72180901,0.07904687863316961
19,stn_254_Magna_City,402545467.44210577,40794976.06504295,0.10134252988678874
19,stn_256_Kearns,71860886.26583761,6347872.848243859,0.08833557694739444
19,stn_25_Vineyard,83868361.85390139,6340652.316490911,0.0756024342950244
19,stn_27_Midvale,70168770.62180026,7780255.5550917,0.11087917724861072
19,stn_31_Springville,1220664714.6629522,140893884.1599796,0.11542390180327526
19,stn_33_Murray,58941457.685046375,7881385.909214234,0.1337154902297872
19,stn_35_Centerville,72971631.77165705,5724767.335354522,0.07845195723823846
19,stn_47_Lehi,39780110.80292936,5654246.263189766,0.1421375192040288
19,stn_52_Plain_City,71720702.31603982,6713725.082278761,0.0936093047819651
19,stn_53_Holladay,23683674.57764759,1970235.9090237156,0.08318962087425422
19,stn_61_Saratoga_Springs,15347034.635427637,1032553.2263910929,0.06728030860160507
19,stn_62_Salem,86713026.37754841,7583520.581426827,0.08745537894627489
19,stn_66_South_Weber,113308678.23937893,10746357.523216713,0.0948414339501311
19,stn_6_Bluffdale,182077300.41309455,17717853.978053708,0.09730951600147672
19,stn_72_Santaquin,287805995.91096663,25734751.45378331,0.08941700944182
19,stn_88_Orem,23328082.96562575,3635963.684875222,0.15586208649175606
19,stn_8_Herriman,31721844.952399556,1960269.8614760973,0.06179558170142986
19,stn_93_American_Fork,54894153.13750382,5043757.837342272,0.09188151285817658
19,stn_94_Mapleton,150549644.1917277,14001405.576017655,0.09300191741527208
19,stn_98_Ogden,681528032.0780874,55682763.472025275,0.08170282196939085
19,stn_Inland_Port,537674130.5017604,85984057.69427176,0.15991853209309323
19,stn_UTNW_MERGED_17,911348659.7396986,189686305.0571522,0.20813801943959714
19,stn_UTNW_MERGED_23,41578435.908772826,5702146.345887042,0.1371419155448298
19,stn_UTNW_MERGED_24,1021703827.9243013,139946776.26579657,0.13697391792111924
19,stn_UTNW_MERGED_44,1134106617.5655408,149367015.88716233,0.131704562493244
20,dwpt_1203,117744712.35084951,32572221.691350564,0.27663426272844904
20,dwpt_1227,34103184.444555655,8263424.864599936,0.24230654700397447
20,dwpt_1641,76953010.9048268,15756828.053782184,0.20475908438813084
20,dwpt_356,265780235.34079117,62075159.43532415,0.23355822285178418
20,dwpt_360,4320988.106822211,1111732.0723126756,0.25728653836316107
20,dwpt_362,17647072.357652087,3960623.884480454,0.2244351813270067
20,dwpt_366,21844165.78788859,4719891.492707653,0.21607103418545642
20,dwpt_430,123377534.27032323,36207667.7718155,0.293470508921694
20,dwpt_431,26861711.636714157,7195687.936856138,0.2678789808398206
20,dwpt_434,15113798.897234153,3647420.0881547574,0.24133046317178672
20,dwpt_445,161357909.38241884,44866234.17896752,0.2780541366127543
20,dwpt_446,4636666.208016557,1248162.8123927827,0.26919401923622915
20,dwpt_452,7987678.29115017,1705666.77003731,0.21353723921594064
20,dwpt_461,275105312.5645917,61193266.727386676,0.2224357870697941
20,dwpt_462,216680676.93976676,48885821.69465669,0.22561228063841637
20,dwpt_554,11832184.80441725,2717702.033544285,0.22968725374621424
20,dwpt_564,47264466.43981776,7982642.688243483,0.16889310912687122
20,dwpt_649,104719358.64618267,26592784.250368223,0.2539433452817237
20,dwpt_802,7847869.625115792,1857547.77541949,0.2366945252855271
20,dwpt_819,26172536.872179467,5192282.545951058,0.19838667421919964
20,stn_100_South_Ogden,62353780.56577587,5290658.137755016,0.08484903545141095
20,stn_102_Riverton,23142775.555973824,1919751.9769562157,0.08295253835535175
20,stn_103_Cottonwood_Heights,90021951.25967072,8014881.902915373,0.08903252807524947
20,stn_109_Hooper,6005266.554004459,565387.9490031725,0.09414868497821433
20,stn_112_Sunset,329382467.014728,29649438.6618928,0.09001523041166322
20,stn_115_Clearfield,284727997.26089543,27091122.194672864,0.0951473773400982
20,stn_117_Draper,134234425.4646518,14049380.405523896,0.10466302036077584
20,stn_122_West_Bountiful,439765466.44045067,38613572.81087595,0.08780492275444433
20,stn_124_Washington_Terrace,120634839.32207651,10550089.282010976,0.0874547464173584
20,stn_126_Harrisville,81095484.43285243,6448896.702074538,0.07952226621710688
20,stn_131_Millcreek,211691137.00594386,21889021.914648905,0.10340074801541789
20,stn_132_Syracuse,131702361.98315924,9376699.345891418,0.07119613653618767
20,stn_136_Provo,153692929.64579165,15652180.95577792,0.10184060510688887
20,stn_137_Lindon,52553504.7994195,5536032.900897769,0.10534088871954587
20,stn_141_Kaysville,125573684.45765008,10519065.680924805,0.08376807391099826
20,stn_143_Clinton,23156807.217229456,1318425.1991089415,0.05693467094755567
20,stn_147_South_Salt_Lake,113639305.68347478,17147976.22435013,0.15089828401550817
20,stn_14_Taylorsville,68117216.60617895,5785623.204472005,0.08493628325892559
20,stn_151_North_Salt_Lake,635474892.2024728,70722786.73356083,0.11129123683934217
20,stn_157_Farmington,13398429.948056256,1005941.2007920707,0.07507903572970541
20,stn_160_Bountiful,15566930.611210423,1177921.2245100713,0.07566817466648172
20,stn_167_West_Valley_City,3223910986.436681,401730219.74706,0.12460958799333469
20,stn_172_Santaquin,148942761.56773013,12647799.512933064,0.08491718147163273
20,stn_174_Eagle_Mountain,134058142.52218106,7722598.991818187,0.05760634040219091
20,stn_181_South_Jordan,40825121.769673936,4622740.969039663,0.11323275396752316
20,stn_185_Spanish_Fork,187090028.56341234,23095827.525718186,0.123447666896315
20,stn_18_Cedar_Fort,565785.5905071609,57739.4857821113,0.1020518845846791
20,stn_190_Sandy,44021066.197328284,5904363.594252676,0.13412586527972423
20,stn_194_Uintah,448192584.4974276,40923341.775863804,0.0913074941249919
20,stn_195_Marriott_Slaterville,572162094.7269275,42483575.11965431,0.07425094306523435
20,stn_198_West_Jordan,24849616.776681107,4460031.444333921,0.17948089439025947
20,stn_208_Cedar_Hills,2801263.7152418243,180466.5609763582,0.06442326725414321
20,stn_209_Woods_Cross,116547000.69767562,9535329.609685909,0.08181531530288517
20,stn_213_Pleasant_Grove,81645536.98316279,7817621.849204496,0.09575075549832775
20,stn_217_Layton,358968382.55593187,31563662.840733096,0.08792881037598088
20,stn_219_Salt_Lake_City,3522176098.0954666,469368786.5955415,0.1332610220282119
20,stn_222_Roy,75121295.94810066,5980751.994905771,0.07961460088544953
20,stn_228_Payson,63094784.25613031,5447194.757956902,0.08633351904088095
20,stn_22_West_Haven,1030834642.5014154,77460192.1788785,0.07514317911446418
20,stn_23_Farr_West,240365053.36007234,22487609.092704203,0.0935560672333563
20,stn_241_Pleasant_View,104313769.47406708,10730315.620524336,0.10286576426702657
20,stn_244_Riverdale,143640718.82600796,11104461.553784281,0.07730719843608634
20,stn_254_Magna_City,301456772.16145414,30492161.167782873,0.10114936529424487
20,stn_256_Kearns,57726336.73202364,5258858.092013827,0.09109980625353764
20,stn_25_Vineyard,75288217.56275661,5721575.064743454,0.07599562388330187
20,stn_27_Midvale,63584275.851428516,7039940.870369975,0.11071826762357966
20,stn_31_Springville,1119327143.1401296,128888389.07897453,0.11514809577242502
20,stn_33_Murray,54299568.59145034,7231690.516263628,0.1331813622806993
20,stn_35_Centerville,68989144.55704457,5511357.973569517,0.0798873215337868
20,stn_47_Lehi,37306418.22989608,5299450.886541853,0.14205198831698762
20,stn_52_Plain_City,57641325.57721794,5289502.339028165,0.09176579972891497
20,stn_53_Holladay,17855705.607427258,1479757.1106039863,0.08287306831427971
20,stn_61_Saratoga_Springs,14308037.416363852,940019.7835097675,0.06569872276366033
20,stn_62_Salem,82558801.28555979,7208444.455871539,0.08731285270165805
20,stn_66_South_Weber,94621070.38156028,8999377.539440772,0.095109656899364
20,stn_6_Bluffdale,143895931.62858093,13856397.871588342,0.09629457702358107
20,stn_72_Santaquin,259556032.13822976,22891437.15863332,0.08819458738852275
20,stn_88_Orem,30086729.895803437,4796965.530591436,0.15943791655671183
20,stn_8_Herriman,30831476.973960105,1879792.1778417055,0.06096990356411908
20,stn_93_American_Fork,52903515.070426084,4972428.0716339685,0.09399050450645076
20,stn_94_Mapleton,81992786.18178229,7645306.478761458,0.09324364782300987
20,stn_98_Ogden,642941358.7114767,52110166.17131597,0.08104964078800331
20,stn_Inland_Port,469317960.0967714,74356429.39096239,0.15843508178470392
20,stn_UTNW_MERGED_17,807299551.5004061,167294766.99144524,0.2072276228576117
20,stn_UTNW_MERGED_23,14240596.052038437,1894752.1660497177,0.13305286935503643
20,stn_UTNW_MERGED_24,948986119.2512813,128739835.3801028,0.13566039878610056
20,stn_UTNW_MERGED_44,1038051536.0007224,135214476.37719506,0.13025796088904487
21,dwpt_1203,73549898.3658549,20308071.836964797,0.27611284703545824
21,dwpt_1641,45392974.72555255,9048131.55881071,0.19932889645404422
21,dwpt_356,238635097.6435001,55991406.61186784,0.2346319010270404
21,dwpt_362,13979312.200065987,2938885.8609332885,0.2102310770997314
21,dwpt_366,19647375.164591547,4142330.6598103163,0.21083379459642093
21,dwpt_431,17914537.652758855,4514974.2257648,0.2520285096539731
21,dwpt_434,11716668.844998298,2724817.2544362126,0.23255903964541966
21,dwpt_445,100323014.71635209,27396378.777370628,0.2730816937153422
21,dwpt_446,4603720.367277579,1191004.1052875377,0.25870470190869577
21,dwpt_452,6025290.3983536195,1192354.3205357795,0.19789159388260927
21,dwpt_461,251822991.49735618,54842361.87632155,0.2177813929944412
21,dwpt_462,198181509.7030809,43804357.3424118,0.22103150494736
21,dwpt_554,5831855.120975273,1227148.0398323997,0.21042155787079658
21,dwpt_564,41746078.451438665,6769109.597435378,0.16214959221402264
21,dwpt_649,37696236.46314388,9523282.719663747,0.25263218859990944
21,dwpt_802,6085676.469087767,1378248.6039431253,0.22647418260631302
21,dwpt_819,14207046.74342918,2750999.806633681,0.19363628883012088
21,stn_100_South_Ogden,59573544.99387599,4955680.237499899,0.08318592150272962
21,stn_102_Riverton,23605024.023591187,1868924.7601764302,0.07917487219282646
21,stn_103_Cottonwood_Heights,91607847.6184968,8509084.71680767,0.09288598016453753
21,stn_109_Hooper,5966361.389242292,547470.9507085247,0.09175960271123497
21,stn_112_Sunset,344045618.35657126,29867344.27578254,0.08681216292900966
21,stn_115_Clearfield,301874562.098031,26636008.210432354,0.0882353518803037
21,stn_117_Draper,138800422.6838726,13897497.453918966,0.10012575743786789
21,stn_122_West_Bountiful,401644336.16607213,33602402.12941253,0.08366208384803064
21,stn_124_Washington_Terrace,102898156.73923145,9243354.89249814,0.08983013093152885
21,stn_126_Harrisville,79424229.29475395,6085821.195411448,0.07662423985036293
21,stn_131_Millcreek,235220309.45202687,23384817.252501503,0.09941665882074197
21,stn_132_Syracuse,134779124.6786325,9313259.403614037,0.06910016240141478
21,stn_136_Provo,161346759.63225615,15057290.875955883,0.09332254896394993
21,stn_137_Lindon,53758929.09177807,5190206.885096539,0.09654595009204402
21,stn_141_Kaysville,130060580.18156533,10468300.520994823,0.08048788115800357
21,stn_143_Clinton,23772196.23890721,1309761.4352238798,0.05509635803360205
21,stn_147_South_Salt_Lake,128226865.32269864,18476947.364862494,0.14409575807973618
21,stn_14_Taylorsville,73671291.89530626,6235206.253075491,0.08463549494878272
21,stn_151_North_Salt_Lake,668982559.1157211,71627826.4751456,0.10706979651281964
21,stn_157_Farmington,13856353.477740858,997115.1649228841,0.07196086376727262
21,stn_160_Bountiful,15561750.818441402,1134452.893188298,0.07290008087290013
21,stn_167_West_Valley_City,3455072013.3356814,414278833.2544,0.11990454371295048
21,stn_172_Santaquin,148207376.6986473,12008815.701661782,0.08102711193707667
21,stn_174_Eagle_Mountain,141978016.40632206,8217380.793224741,0.05787783912762732
21,stn_181_South_Jordan,40944561.91094446,4376391.656957589,0.1068857853816182
21,stn_185_Spanish_Fork,190414446.00499555,22653917.199032404,0.11897163095723354
21,stn_18_Cedar_Fort,565785.5905071478,54783.226335776475,0.09682683202778451
21,stn_190_Sandy,46381304.0992695,5969902.047889703,0.12871354447284133
21,stn_194_Uintah,449918264.92811704,41026098.52960219,0.09118567021535987
21,stn_195_Marriott_Slaterville,591852291.944254,42971710.131841734,0.07260546375630018
21,stn_198_West_Jordan,32374323.084854588,5559303.344667254,0.17171952383671665
21,stn_208_Cedar_Hills,2801263.7152418243,172887.0872600952,0.06171753352581815
21,stn_209_Woods_Cross,124688190.37618783,9833344.288318481,0.07886347743640357
21,stn_213_Pleasant_Grove,91616162.92216901,8358956.719678683,0.09123888681934754
21,stn_217_Layton,380772549.364202,32480901.403889634,0.08530263396908437
21,stn_219_Salt_Lake_City,3796460977.4599714,485490967.2531926,0.12787987816432428
21,stn_222_Roy,76239780.49040839,5874028.81637949,0.07704676979124425
21,stn_228_Payson,64278830.87063801,5250098.20248666,0.08167693984746785
21,stn_22_West_Haven,1054241922.7360184,76265636.69980893,0.0723416846314371
21,stn_23_Farr_West,245092514.8371845,21573134.129691575,0.08802037118115441
21,stn_241_Pleasant_View,141179887.46774065,15927581.66471474,0.11281763961140827
21,stn_244_Riverdale,150301440.85830802,11414471.443259535,0.07594385907464567
21,stn_254_Magna_City,324860985.33338875,31010581.823978912,0.09545800580563495
21,stn_256_Kearns,55459919.10029738,4829116.360365481,0.0870739885435496
21,stn_25_Vineyard,39636611.44887157,2803537.087748973,0.0707309980664048
21,stn_27_Midvale,66241219.552469544,6630820.296513956,0.10010112043999576
21,stn_31_Springville,1170157806.8649232,129896243.52559584,0.11100745793732962
21,stn_33_Murray,57812992.57262198,7382457.231957352,0.12769546953799105
21,stn_35_Centerville,69265108.72052649,5325938.547614035,0.07689208384994148
21,stn_47_Lehi,43695073.29108725,5920141.609964676,0.1354876228385282
21,stn_52_Plain_City,55233054.79900063,4950449.361902212,0.08962838249518265
21,stn_53_Holladay,17721384.822109405,1402087.8574102507,0.07911841379692797
21,stn_61_Saratoga_Springs,14737733.345502332,938263.1701546429,0.06366400776554845
21,stn_62_Salem,79165429.5629558,6651947.627924057,0.084025914652988
21,stn_66_South_Weber,92747210.3039534,8612091.545099162,0.09285553190091009
21,stn_6_Bluffdale,150128137.2961676,13704919.523323294,0.09128814737963944
21,stn_72_Santaquin,246876946.6591968,20980111.60631893,0.08498206045654431
21,stn_88_Orem,52233240.65203682,7920619.21088183,0.15163943710953665
21,stn_8_Herriman,31252573.55071609,1853082.0606494858,0.05929374288624068
21,stn_93_American_Fork,53893368.07431534,4753417.241420204,0.0882004115026836
21,stn_94_Mapleton,103438153.97328642,9152915.468876239,0.08848684085410147
21,stn_98_Ogden,674398409.5950947,53983426.888727665,0.08004678854616373
21,stn_Inland_Port,524139181.4348091,79577337.8740545,0.1518248219036304
21,stn_UTNW_MERGED_17,944422073.6015806,185893682.7950503,0.19683326765768977
21,stn_UTNW_MERGED_23,41241348.25496012,5428802.594304432,0.13163494463718234
21,stn_UTNW_MERGED_24,987261315.9066681,128331864.09043129,0.12998773680560508
21,stn_UTNW_MERGED_44,1083211980.820313,135689532.95582235,0.1252659085741141
22,dwpt_1641,7576297.306806559,1559538.3268598535,0.20584439386489778
22,dwpt_362,0.00011452208513765909,0.000010150492983264965,0.0886334978189033
22,dwpt_431,4496001.948636704,898430.514402994,0.19982876445937034
22,dwpt_444,0.000023212601830473095,4.3524255543929345e-6,0.18750270160060847
22,dwpt_445,0.00003520979352920167,2.844277422358308e-6,0.08078086058639827
22,dwpt_452,4235421.983760767,906795.3786032308,0.21409800064315154
22,dwpt_461,8396901.417470086,1949034.0826819343,0.2321134887479912
22,dwpt_564,21350045.380072765,3458346.4453761866,0.16198309576447373
22,stn_100_South_Ogden,60731638.447536945,4991077.363910978,0.08218249155623428
22,stn_102_Riverton,26856563.232314374,2130764.0452337577,0.07933867140044107
22,stn_103_Cottonwood_Heights,105061348.44997245,9736863.63320382,0.09267788560547809
22,stn_109_Hooper,6282976.941974499,578439.3823880022,0.09206454006279081
22,stn_112_Sunset,490067981.0576476,42765992.71661091,0.08726542922537979
22,stn_115_Clearfield,314097911.2895675,27503292.610710334,0.08756280007655
22,stn_117_Draper,148668653.5931285,14781961.751961738,0.09942890713476511
22,stn_122_West_Bountiful,508650054.78582644,42770273.58657825,0.08408585270788424
22,stn_124_Washington_Terrace,110896626.85282539,10221742.144567693,0.09217360739144309
22,stn_126_Harrisville,80467385.90797797,6125172.249520019,0.07611993580262108
22,stn_131_Millcreek,299453702.1992703,30584775.410421457,0.1021352388893457
22,stn_132_Syracuse,139909534.21124923,9790831.30453012,0.06997972911372112
22,stn_136_Provo,169452553.4134592,15552938.479245696,0.09178344124031573
22,stn_137_Lindon,60741970.01338357,6096504.8579059355,0.10036725605973372
22,stn_141_Kaysville,160407698.194937,13147908.479074366,0.08196557039984605
22,stn_143_Clinton,26978328.342309907,1501288.8000585071,0.055647954944044745
22,stn_147_South_Salt_Lake,137297332.0773296,19808186.617262762,0.14427218881504741
22,stn_14_Taylorsville,79970260.62316833,6910324.862069616,0.08641118346021262
22,stn_151_North_Salt_Lake,706581005.5159541,75915681.22896278,0.10744087462912794
22,stn_157_Farmington,20874075.997204263,1427769.9574349322,0.06839919322063207
22,stn_160_Bountiful,15950835.809869358,1157373.8349135176,0.07255882066050787
22,stn_167_West_Valley_City,3733626282.90746,448848214.4089411,0.12021776696392139
22,stn_172_Santaquin,153327495.41340187,12440828.805342853,0.0811389292690125
22,stn_174_Eagle_Mountain,149735347.2799373,8642146.71802541,0.05771614301510591
22,stn_181_South_Jordan,41462732.08912467,4392229.528452946,0.10593198535522919
22,stn_185_Spanish_Fork,201964735.3558509,24197592.669940893,0.11981097901723312
22,stn_18_Cedar_Fort,565785.5905071609,54783.226335776606,0.09682683202778251
22,stn_190_Sandy,50666716.51884313,6560883.311949754,0.12949099058964555
22,stn_194_Uintah,451838261.72429925,42072889.46919048,0.09311493300419595
22,stn_195_Marriott_Slaterville,661130893.9679909,49635850.587647736,0.07507719128014442
22,stn_198_West_Jordan,30916814.249456637,5302846.668379298,0.17151982819421624
22,stn_208_Cedar_Hills,2801263.7152418243,172887.08726009523,0.06171753352581816
22,stn_209_Woods_Cross,142026614.34547326,11572301.02242323,0.0814798062726056
22,stn_213_Pleasant_Grove,107503997.50289674,9838161.104276111,0.09151437465393804
22,stn_217_Layton,418785570.06393576,36395231.81530666,0.0869066042790114
22,stn_219_Salt_Lake_City,4014318601.3113146,514121992.80761945,0.1280720450638065
22,stn_222_Roy,80320531.40795125,6245505.293268574,0.07775727057316639
22,stn_228_Payson,62735819.09312703,5237917.8215819355,0.08349166229593026
22,stn_22_West_Haven,1080606524.1377645,78247714.1115,0.07241092142575695
22,stn_23_Farr_West,268387332.12373424,25037330.892412286,0.09328805012626065
22,stn_241_Pleasant_View,162258739.16490877,17371954.684472214,0.1070632914681812
22,stn_244_Riverdale,160672425.65602732,12584076.464369541,0.07832131999618862
22,stn_254_Magna_City,401049436.1601986,38345306.03802486,0.09561241727493136
22,stn_256_Kearns,69926352.88912492,5890721.047688648,0.08424178874349365
22,stn_25_Vineyard,75909527.4216832,5490565.400581334,0.07233038575093248
22,stn_27_Midvale,71944777.18730518,7245881.920776347,0.10071449525671614
22,stn_31_Springville,1244972919.4281924,138520413.7196836,0.11126379663206255
22,stn_33_Murray,64248289.6944581,8273475.466073248,0.12877347405540193
22,stn_35_Centerville,78405489.9161441,5932245.213827856,0.07566109490767145
22,stn_47_Lehi,43463775.36342658,5938922.274514299,0.13664073644904115
22,stn_52_Plain_City,61018357.51640851,5369295.105285037,0.0879947498396884
22,stn_53_Holladay,21862453.55186336,1720981.3468409167,0.07871858219198986
22,stn_61_Saratoga_Springs,16510370.62350939,1089492.5552955074,0.0659883766475939
22,stn_62_Salem,83259173.11893581,7043833.597993827,0.08460129177516217
22,stn_66_South_Weber,116641121.31068419,10463782.612163492,0.08970920799271347
22,stn_6_Bluffdale,172575342.3101335,15851231.588912174,0.09185108009478016
22,stn_72_Santaquin,265714539.61315262,22903070.320992474,0.0861942683089021
22,stn_88_Orem,37639651.8451816,5648310.3653901545,0.1500627686096203
22,stn_8_Herriman,32006796.369914863,1928298.6390604817,0.06024653691592224
22,stn_93_American_Fork,55133716.337705016,4801080.086556629,0.08708065418897314
22,stn_94_Mapleton,131675712.97064902,11678961.539282575,0.08869487983623721
22,stn_98_Ogden,727464776.2402939,59254313.547434196,0.08145317200603744
22,stn_Inland_Port,586209614.6062276,89779635.57367632,0.1531527858579796
22,stn_UTNW_MERGED_17,1070497445.0347861,211051249.17158386,0.19715250153140318
22,stn_UTNW_MERGED_23,50506249.43462952,7020912.401082769,0.13901076559188916
22,stn_UTNW_MERGED_24,1051986108.9231992,137265503.11046967,0.1304822392103381
22,stn_UTNW_MERGED_44,1159934246.9133008,146913597.00465032,0.12665683196750321
23,dwpt_564,6464731.866130213,1097209.9258464393,0.16972241827923312
23,stn_100_South_Ogden,60749199.74728752,4995191.941415302,0.08222646491138906
23,stn_102_Riverton,27027755.93414189,2142089.7948554745,0.07925518493192965
23,stn_103_Cottonwood_Heights,106563715.80838591,9882694.182827353,0.09273976707604303
23,stn_109_Hooper,6670612.008476461,616354.271334412,0.09239845917454052
23,stn_112_Sunset,517311909.32888806,45247484.00150092,0.0874665423036573
23,stn_115_Clearfield,318089852.5915175,27930643.897019517,0.08780740306383587
23,stn_117_Draper,148675471.12643003,14752920.921356615,0.09922901746725313
23,stn_122_West_Bountiful,517412314.90795326,43543820.003011525,0.08415690687756029
23,stn_124_Washington_Terrace,116237504.83930585,10759762.591619626,0.09256704715482846
23,stn_126_Harrisville,82132142.19248706,6289688.5362875145,0.07658011064105492
23,stn_131_Millcreek,315660229.5007074,32337647.116521485,0.10244447698612921
23,stn_132_Syracuse,139565207.58295095,9853875.033133544,0.07060409398436117
23,stn_136_Provo,169517990.24020505,15558537.647055343,0.0917810412039989
23,stn_137_Lindon,62107058.223095104,6027225.995816696,0.09704574919916936
23,stn_141_Kaysville,164143928.99038252,13495980.122913007,0.08222040380003186
23,stn_143_Clinton,27278063.98187821,1519528.9811723195,0.05570516229384156
23,stn_147_South_Salt_Lake,141973189.67667654,20530160.84815197,0.14460589985268663
23,stn_14_Taylorsville,79621397.9120282,6855906.097341694,0.08610632665501079
23,stn_151_North_Salt_Lake,715994397.9378039,76780698.94252628,0.10723645207793368
23,stn_157_Farmington,21038666.216021925,1439359.7867613435,0.06841497326789679
23,stn_160_Bountiful,16025810.753549125,1163134.0414846244,0.07257879550505944
23,stn_167_West_Valley_City,3813554848.3884,458944508.4439599,0.12034559005698026
23,stn_172_Santaquin,152568807.25003552,12371005.256799052,0.08108476090086345
23,stn_174_Eagle_Mountain,148617875.24082905,8575998.257716045,0.05770502534650693
23,stn_181_South_Jordan,41468711.48992255,4392412.288839045,0.10592111814003334
23,stn_185_Spanish_Fork,203681999.35946372,24324857.6893261,0.11942566238461214
23,stn_18_Cedar_Fort,565785.5905071609,54783.22633577661,0.09682683202778253
23,stn_190_Sandy,51720322.99397012,6750756.952615673,0.1305242612928523
23,stn_194_Uintah,484943722.8994917,45897343.19391003,0.09464467942690044
23,stn_195_Marriott_Slaterville,696339576.6928176,52962071.59701902,0.07605782203067663
23,stn_198_West_Jordan,33765062.72697828,5822389.977986619,0.17243829887318796
23,stn_208_Cedar_Hills,2801263.7152418243,172887.08726009517,0.06171753352581814
23,stn_209_Woods_Cross,141503413.2655868,11510145.989317473,0.08134182578136231
23,stn_213_Pleasant_Grove,114743999.80702573,10549881.836532544,0.091942775694373
23,stn_217_Layton,424743015.53892535,36911710.8502572,0.08690363231381835
23,stn_219_Salt_Lake_City,4109865316.2771273,527463203.30969995,0.1283407515133601
23,stn_222_Roy,81607550.89946091,6376428.028054095,0.07813527005497008
23,stn_228_Payson,62659222.46357175,5236127.76268841,0.08356515700035286
23,stn_22_West_Haven,1099850749.3108757,80233472.74771595,0.07294941863519862
23,stn_23_Farr_West,274456198.8550498,25907148.563465822,0.09439447413300481
23,stn_241_Pleasant_View,180786051.4100936,19104012.600353215,0.10567193902043819
23,stn_244_Riverdale,161321576.87698144,12636979.986748995,0.07833409660001987
23,stn_254_Magna_City,426021524.5582532,40703989.373605415,0.09554444324335927
23,stn_256_Kearns,70160338.96179809,5912913.5087702945,0.08427715139731355
23,stn_25_Vineyard,75787678.84926116,5486837.934555501,0.07239749280972986
23,stn_27_Midvale,72657743.06433363,7329272.336847487,0.10087393342727285
23,stn_31_Springville,1267622905.0616488,141237415.33387962,0.1114191095553064
23,stn_33_Murray,64836893.96697156,8346691.862672039,0.12873367849675083
23,stn_35_Centerville,81522230.49274534,6196472.217994036,0.07600960106882085
23,stn_47_Lehi,45002818.986921005,6160465.7125007855,0.1368906626558478
23,stn_52_Plain_City,68885013.46883129,6286475.82136679,0.09126042813668404
23,stn_53_Holladay,23687137.20325538,1878526.3608902078,0.07930575758357314
23,stn_61_Saratoga_Springs,17247205.339509897,1152109.2627252163,0.06679976495009105
23,stn_62_Salem,83697784.34815414,7102361.819204448,0.08485722620399427
23,stn_66_South_Weber,116660892.61966708,10552552.936908433,0.09045493052510253
23,stn_6_Bluffdale,179505437.82390362,16519157.362766158,0.09202594396595157
23,stn_72_Santaquin,269358545.86404634,23224689.575468898,0.0862222117400022
23,stn_88_Orem,37908290.70774511,5805873.067114991,0.15315575982772503
23,stn_8_Herriman,32363731.949543945,1975957.9199276024,0.06105469922344499
23,stn_93_American_Fork,55105727.538146965,4800224.6088979365,0.08710935910563886
23,stn_94_Mapleton,131404277.28306103,11669876.616750691,0.08880895552290384
23,stn_98_Ogden,746340669.9086396,61286616.546810895,0.08211614215571698
23,stn_Inland_Port,601494485.3387786,92539403.40787064,0.1538491302305953
23,stn_UTNW_MERGED_17,1134130699.7527344,225727821.6396985,0.1990315769504451
23,stn_UTNW_MERGED_23,55319177.23053636,7940424.265209278,0.1435383652240247
23,stn_UTNW_MERGED_24,1055237782.9220755,137940303.0021479,0.13071963990919208
23,stn_UTNW_MERGED_44,1200029060.1161897,152635783.22817507,0.12719340581085303
24,dwpt_431,3848575.7822449305,881668.1322657197,0.22908945598348845
24,dwpt_564,11377505.952869782,1997693.6105419828,0.17558273481176237
24,stn_100_South_Ogden,30136041.539376087,2153982.7162638856,0.0714753035314697
24,stn_102_Riverton,25655941.826693125,2120837.625557331,0.08266457882870451
24,stn_103_Cottonwood_Heights,109759491.43145145,10017139.326152783,0.091264447343115
24,stn_109_Hooper,6563321.943344324,620661.07481231,0.09456508155015991
24,stn_112_Sunset,558817441.0987899,51112716.889115855,0.09146585831074651
24,stn_115_Clearfield,312346198.2760891,29244500.82815001,0.09362848336095389
24,stn_117_Draper,148584193.73512623,15714748.11766308,0.10576325598722158
24,stn_122_West_Bountiful,583019655.8509737,51600386.92241354,0.08850539841079247
24,stn_124_Washington_Terrace,153130961.04014534,13658866.956986222,0.08919729141780393
24,stn_126_Harrisville,83253293.669409,6763662.575012289,0.08124198187125373
24,stn_131_Millcreek,307921392.9117037,33217195.50275163,0.1078755691140844
24,stn_132_Syracuse,139706432.96012124,9981965.817781806,0.07144957899419797
24,stn_136_Provo,168899566.72253996,16603735.384719893,0.0983053758331761
24,stn_137_Lindon,57446566.62222904,6031739.63453728,0.10499739130107191
24,stn_141_Kaysville,157258959.9873742,13514516.476716075,0.08593797439459801
24,stn_143_Clinton,27786402.884058,1604744.1367862334,0.057752856441411836
24,stn_147_South_Salt_Lake,134397807.58914378,20377050.419146016,0.15161743174739115
24,stn_14_Taylorsville,78239164.74389197,6949903.916925309,0.08882896359738911
24,stn_151_North_Salt_Lake,697814991.4072508,78215820.50359231,0.11208675862044484
24,stn_157_Farmington,21035061.932532102,1508584.667016598,0.07171762421500043
24,stn_160_Bountiful,15994023.48188021,1213179.560952145,0.07585205575861309
24,stn_167_West_Valley_City,3682149684.5549426,461562249.1111775,0.12535129982554363
24,stn_172_Santaquin,152627981.42036855,13113521.911093738,0.08591820313063321
24,stn_174_Eagle_Mountain,146335426.68418846,8491674.090877343,0.058028833367900164
24,stn_181_South_Jordan,41496023.23049554,4643247.072189664,0.11189619415812666
24,stn_185_Spanish_Fork,209587271.21815312,26142733.021736175,0.12473435466662948
24,stn_18_Cedar_Fort,565785.5905071609,57739.4857821113,0.1020518845846791
24,stn_190_Sandy,48945039.19243746,6654910.1903117085,0.13596700094868786
24,stn_194_Uintah,490080293.38887256,47334884.13431748,0.09658597738546047
24,stn_195_Marriott_Slaterville,657304892.003122,51035553.68526888,0.07764365411877458
24,stn_198_West_Jordan,26175836.715649135,4715437.6320054885,0.18014467629935896
24,stn_208_Cedar_Hills,2801263.7152418243,180466.56097635825,0.06442326725414324
24,stn_209_Woods_Cross,143007507.1102895,12316963.87801814,0.08612809304143114
24,stn_213_Pleasant_Grove,123891591.23070109,12140026.103423908,0.09798910469087216
24,stn_217_Layton,415595361.31272835,37649524.24607098,0.0905917816963803
24,stn_219_Salt_Lake_City,3958840686.9047527,529344462.0671766,0.13371198892094044
24,stn_222_Roy,80168590.18316385,6499577.375391968,0.08107386397268763
24,stn_228_Payson,65522853.31926883,5585526.830607632,0.08524547616068258
24,stn_22_West_Haven,1090976235.4299726,82239815.41095614,0.0753818577712135
24,stn_23_Farr_West,269819659.3439101,25822146.834851764,0.09570150261712046
24,stn_241_Pleasant_View,163456546.33191603,17540859.38451778,0.10731206414271831
24,stn_244_Riverdale,153178787.6855714,12572739.989881992,0.08207885817512757
24,stn_254_Magna_City,432087553.97886413,43875352.94558689,0.10154273721046148
24,stn_256_Kearns,71963364.57708892,6351005.097827388,0.08825330965485967
24,stn_25_Vineyard,37939402.26067631,2767908.9164870535,0.0729560496886361
24,stn_27_Midvale,71114286.66402267,7813483.917764552,0.10987221111672152
24,stn_31_Springville,1246582624.6194158,144103623.22276303,0.11559893454054693
24,stn_33_Murray,61034144.70124834,8195322.487293588,0.13427438899010194
24,stn_35_Centerville,56396645.990475945,3999558.9431752423,0.07091838305155014
24,stn_47_Lehi,43812245.157913014,6263318.1351391375,0.14295816415169282
24,stn_52_Plain_City,81891336.00974731,7625277.997360257,0.0931145878051451
24,stn_53_Holladay,20266357.117994387,1661927.1687766584,0.08200423781642742
24,stn_61_Saratoga_Springs,17239619.866526656,1201715.9799984205,0.06970664024510974
24,stn_62_Salem,97864411.50111398,8704848.352390658,0.08894804780276609
24,stn_66_South_Weber,115538451.91740508,11091061.070824396,0.09599454455866396
24,stn_6_Bluffdale,191810596.7912355,18758104.707753938,0.09779493428181159
24,stn_72_Santaquin,290152103.9533036,26001532.116806075,0.08961345364219969
24,stn_88_Orem,45865969.632300764,7253084.463598322,0.1581365121405913
24,stn_8_Herriman,32313474.587129544,2013936.5603944827,0.062324976998810074
24,stn_93_American_Fork,45264255.30786317,4221037.061176026,0.09325320901596189
24,stn_94_Mapleton,155719566.6973496,14538834.092366077,0.09336549285821723
24,stn_98_Ogden,709775939.0483954,58989024.220124334,0.08310936025700108
24,stn_Inland_Port,570653349.4722481,91843197.06590319,0.16094393759511208
24,stn_UTNW_MERGED_17,1009492341.9912026,210528783.7083524,0.20854916372430202
24,stn_UTNW_MERGED_23,49663115.61001391,7332318.081351426,0.14764112140948646
24,stn_UTNW_MERGED_24,1036190477.0900239,141770580.08948612,0.13681903397493697
24,stn_UTNW_MERGED_44,1170527229.296695,154679300.1533727,0.13214498243352352
25,dwpt_431,4063391.7629641155,929277.7862394332,0.22869510016468472
25,dwpt_461,5169968.645737151,1376162.5722289272,0.26618393002511326
25,dwpt_564,14524223.400319662,2614710.043002165,0.18002408603441186
25,stn_100_South_Ogden,62674572.189196125,5500463.133724868,0.08776227649581055
25,stn_102_Riverton,27204934.096229117,2348311.7194897095,0.08631933130891906
25,stn_103_Cottonwood_Heights,108204062.96030465,10090861.850475729,0.09325769822689214
25,stn_109_Hooper,4457015.742936949,432525.793825601,0.09704381109961892
25,stn_112_Sunset,598263952.1549597,56929980.93556441,0.09515863479740237
25,stn_115_Clearfield,300974939.7564198,29913455.38257826,0.09938852519345079
25,stn_117_Draper,146797515.98210105,16114641.350945318,0.10977461875383619
25,stn_122_West_Bountiful,647814449.2998502,59468868.411262855,0.09179923120815855
25,stn_124_Washington_Terrace,153650751.4121952,13778678.144937037,0.08967530596692824
25,stn_126_Harrisville,89048326.38067394,7684243.56273386,0.08629295883545726
25,stn_131_Millcreek,300011170.7492428,34065772.64609116,0.11354834741991734
25,stn_132_Syracuse,139586705.02752233,10270525.885413345,0.07357810963005613
25,stn_136_Provo,163256981.78959,16595655.92021854,0.10165357547530475
25,stn_137_Lindon,54334636.40290166,5878640.585796494,0.10819324421728448
25,stn_141_Kaysville,146617856.083498,13065385.323677307,0.08911182902740473
25,stn_143_Clinton,27332638.11847171,1620110.6896969338,0.059273849917986676
25,stn_147_South_Salt_Lake,125339253.79289919,19689835.48395291,0.15709233051990926
25,stn_14_Taylorsville,74567159.22175677,6701894.881974864,0.0898772992282563
25,stn_151_North_Salt_Lake,685160778.0700582,79514579.06993914,0.11605243851510821
25,stn_157_Farmington,20652050.824504316,1542717.176944096,0.07470043484076715
25,stn_160_Bountiful,16569957.874081917,1272698.027112083,0.076807559607788
25,stn_167_West_Valley_City,3603141131.6683164,465812050.48006725,0.12927943520890847
25,stn_172_Santaquin,153434629.30960292,13878220.096611353,0.09045037720010163
25,stn_174_Eagle_Mountain,146106984.85365552,8744425.658815604,0.059849470356083546
25,stn_181_South_Jordan,41586359.310883254,4846008.194486713,0.11652879152656435
25,stn_185_Spanish_Fork,200809675.08073005,25743922.54222351,0.12820060852084875
25,stn_18_Cedar_Fort,565785.5905071609,60104.493339179055,0.1062319266301964
25,stn_190_Sandy,47112207.15503322,6560804.952271447,0.13925912939467375
25,stn_194_Uintah,489982943.7507561,48077206.72033881,0.09812016384144723
25,stn_195_Marriott_Slaterville,639502126.7065315,50958761.11341724,0.0796850533959245
25,stn_198_West_Jordan,24895530.099655632,4686291.7718245685,0.18823828024812342
25,stn_208_Cedar_Hills,2801263.7152418243,186530.1399493686,0.06658785423680327
25,stn_209_Woods_Cross,146564615.8069309,13104597.096593395,0.08941173846391437
25,stn_213_Pleasant_Grove,124663164.45852976,12811042.193691015,0.10276525747870548
25,stn_217_Layton,405983533.9549018,37768392.10453979,0.09302936928652689
25,stn_219_Salt_Lake_City,3816644318.7564797,527142673.34750354,0.13811679300502766
25,stn_222_Roy,77568492.11992757,6417636.297052015,0.08273509155147422
25,stn_228_Payson,63794228.60896664,5677113.77385001,0.0889910246998748
25,stn_22_West_Haven,1077739107.438595,83475995.61952713,0.07745473375084261
25,stn_23_Farr_West,252492815.42784622,24458499.57421961,0.09686810110923338
25,stn_241_Pleasant_View,158104094.03741637,18370056.338789374,0.11618963095567898
25,stn_244_Riverdale,155463881.56149668,14416110.940220218,0.09272964752599241
25,stn_254_Magna_City,433589576.27658314,46199108.62039999,0.10655032119805843
25,stn_256_Kearns,72367112.98474008,6630805.943257585,0.09162733830014486
25,stn_25_Vineyard,85448281.9655572,6694068.49257786,0.07834058612525562
25,stn_27_Midvale,73306989.78166799,8618062.287804468,0.1175612627591428
25,stn_31_Springville,1215157958.1978004,144690967.64697856,0.1190717360412712
25,stn_33_Murray,58624297.58543977,8071408.274424264,0.1376802555742505
25,stn_35_Centerville,74840128.76279104,6044000.788548276,0.08075882402213648
25,stn_47_Lehi,38500779.44807183,5681858.749737278,0.14757775897500258
25,stn_52_Plain_City,91515035.74622168,8861831.498544205,0.09683470509828301
25,stn_53_Holladay,24211317.96985147,2091834.4554486012,0.08639903280165932
25,stn_61_Saratoga_Springs,17193907.15336202,1236771.8936547223,0.07193082308885734
25,stn_62_Salem,101432711.32947108,9367797.018417643,0.0923547926071838
25,stn_66_South_Weber,116026132.76570828,11672105.3952873,0.10059893505936975
25,stn_6_Bluffdale,196061696.1039952,20003212.667636946,0.10202509243328603
25,stn_72_Santaquin,300036444.5157153,27851420.877574474,0.0928267928335475
25,stn_88_Orem,20587926.3170827,3368295.527121512,0.1636053809035974
25,stn_8_Herriman,33139275.451829534,2100188.6051239097,0.06337460842125815
25,stn_93_American_Fork,55146585.27520293,5251473.425631075,0.09522753583787968
25,stn_94_Mapleton,168460589.19091237,16231200.800992094,0.09635013672306264
25,stn_98_Ogden,688407743.2793342,57806027.40583941,0.08397062347159501
25,stn_Inland_Port,531874222.093643,88143450.14151606,0.1657223578058598
25,stn_UTNW_MERGED_17,913665426.0245557,198466553.94602442,0.21722016428877153
25,stn_UTNW_MERGED_23,41557248.033674404,5920373.035243513,0.1424630675844116
25,stn_UTNW_MERGED_24,1020462224.8862735,145346785.4902839,0.14243230366168844
25,stn_UTNW_MERGED_44,1143675021.8165913,155692694.35150254,0.13613368429101763
26,dwpt_1641,21465764.970230497,4765130.918610721,0.2219874728535963
26,dwpt_356,12618482.715684392,2900183.3385047177,0.22983613829417682
26,dwpt_362,5901409.217592172,1314936.0014845592,0.2228172887188909
26,dwpt_366,7833099.770401845,1761400.282773661,0.22486631530333484
26,dwpt_431,7912423.321536509,1860729.133192439,0.23516551852424208
26,dwpt_434,6319809.925466017,1531900.2849340502,0.24239657568832487
26,dwpt_445,4271492.067907666,1225871.9174168636,0.28698915927458124
26,dwpt_446,3924533.6888428233,1034415.054326894,0.26357655108622563
26,dwpt_452,4517004.6141825905,967627.2619332751,0.21421878979160167
26,dwpt_461,299406026.46753013,74238563.17898285,0.2479528019354475
26,dwpt_462,118084881.14692113,29782546.884355184,0.25221304027312147
26,dwpt_564,28468259.311325822,4956793.055133788,0.1741164783180746
26,stn_100_South_Ogden,60521839.95280786,5434664.872919643,0.08979675563659903
26,stn_102_Riverton,26170132.582015462,2259504.900397134,0.08633906967479035
26,stn_103_Cottonwood_Heights,98061150.71612823,8759571.068925811,0.0893276389778803
26,stn_109_Hooper,6099172.203769161,599111.6947685266,0.09822836194037743
26,stn_112_Sunset,505654875.31854874,47999621.483183876,0.09492565745152844
26,stn_115_Clearfield,295309455.676085,29647293.25188524,0.10039398563791455
26,stn_117_Draper,143257751.6552116,15794728.432676777,0.11025391820116687
26,stn_122_West_Bountiful,554147953.4940257,50662739.93062916,0.0914245728260645
26,stn_124_Washington_Terrace,147167603.08355853,13204049.895858055,0.08972117245370291
26,stn_126_Harrisville,81974073.40639123,6747307.648271715,0.08231026430541698
26,stn_131_Millcreek,269288088.80278563,30114904.61910398,0.11183155093487543
26,stn_132_Syracuse,136540620.11194056,9842723.467759117,0.07208641252463717
26,stn_136_Provo,161305305.06698906,16560965.06522512,0.10266844638710089
26,stn_137_Lindon,54227259.283782534,5589519.81409586,0.10307583101046541
26,stn_141_Kaysville,133900405.13641827,11807131.574679274,0.08817846042101307
26,stn_143_Clinton,24972900.395696957,1472833.8560260665,0.058977284684155
26,stn_147_South_Salt_Lake,120692712.31070028,18944841.701906618,0.15696756945139115
26,stn_14_Taylorsville,72667386.22032757,6456215.962814825,0.08884612889803925
26,stn_151_North_Salt_Lake,672434837.8458099,77851257.76504879,0.11577517014801093
26,stn_157_Farmington,17102240.736352943,1263589.6732388043,0.07388445132531009
26,stn_160_Bountiful,15884374.045499345,1246410.486224683,0.078467711894372
26,stn_167_West_Valley_City,3476267448.6715856,448874771.1485302,0.12912549962749914
26,stn_172_Santaquin,148936822.5246976,13431782.850393178,0.09018443271922119
26,stn_174_Eagle_Mountain,144265565.75170568,8598375.052244086,0.0596010212654812
26,stn_181_South_Jordan,41364992.53897575,4839242.119103367,0.11698883094306471
26,stn_185_Spanish_Fork,195535961.0545884,24979048.122937474,0.12774656890843722
26,stn_18_Cedar_Fort,565785.5905071609,60104.49333917906,0.1062319266301964
26,stn_190_Sandy,46470701.87814915,6481717.227601306,0.1394796498791221
26,stn_194_Uintah,468005384.6440362,45492535.26272784,0.09720515352046506
26,stn_195_Marriott_Slaterville,601716433.1329602,46878406.94197272,0.0779078056716694
26,stn_198_West_Jordan,24847939.30674457,4684688.376732402,0.18853428120942078
26,stn_208_Cedar_Hills,2801263.7152418243,186530.1399493686,0.06658785423680327
26,stn_209_Woods_Cross,128751347.32315606,11201896.382560242,0.08700410997986947
26,stn_213_Pleasant_Grove,109758874.68884228,11187392.479191456,0.10192699689120199
26,stn_217_Layton,383892148.2489845,35549674.10686967,0.09260328524305447
26,stn_219_Salt_Lake_City,3706535874.5277495,511287128.9133393,0.1379420424410387
26,stn_222_Roy,73058422.22613838,5932731.456679802,0.08120530495876527
26,stn_228_Payson,64859560.35422093,5717964.585031352,0.08815916348805837
26,stn_22_West_Haven,1054291089.4301802,81791176.7447813,0.07757931141103311
26,stn_23_Farr_West,245630640.03593194,23530094.090169143,0.09579462108931953
26,stn_241_Pleasant_View,130441699.93041234,15657202.400895389,0.12003218609729978
26,stn_244_Riverdale,152381869.54313338,13932867.593420152,0.09143389325247975
26,stn_254_Magna_City,395438193.9642781,41917957.23819606,0.10600381520552543
26,stn_256_Kearns,72486580.1420271,6639075.103647655,0.09159040322552583
26,stn_25_Vineyard,84035464.00443521,6577203.995602281,0.07826700397888146
26,stn_27_Midvale,71460799.97266042,8393776.373656929,0.11745987138218761
26,stn_31_Springville,1205159968.43293,143393051.62684387,0.11898258769190444
26,stn_33_Murray,57468322.00503052,7895420.840800771,0.1373873564658742
26,stn_35_Centerville,72336799.49368551,5872080.896222401,0.08117695194318063
26,stn_47_Lehi,37350708.39470253,5504408.2348202225,0.14737091935854463
26,stn_52_Plain_City,79804489.12799652,7628688.245495585,0.09559221954619762
26,stn_53_Holladay,22370845.872925255,1920788.4174774685,0.08586123333861682
26,stn_61_Saratoga_Springs,14628406.467543282,1019341.8382887903,0.06968235675912143
26,stn_62_Salem,90488093.66490062,8253404.104889931,0.09120983513537473
26,stn_66_South_Weber,109191315.92306234,10926642.478472903,0.1000687864790636
26,stn_6_Bluffdale,191678104.94539672,19544601.20327886,0.10196574725551738
26,stn_72_Santaquin,289996547.6322827,26748088.649307895,0.09223588648794753
26,stn_88_Orem,20849161.614849735,3374815.95597692,0.16186818531701633
26,stn_8_Herriman,31682005.810834505,2032249.4816652494,0.06414522785581549
26,stn_93_American_Fork,55098311.0025736,5249997.922488165,0.09528418978656064
26,stn_94_Mapleton,162964657.97639564,15671255.37958766,0.09616352142964359
26,stn_98_Ogden,670694935.5142926,56722493.30887941,0.08457271749843212
26,stn_Inland_Port,505610969.6695098,83422246.46176288,0.16499295202454056
26,stn_UTNW_MERGED_17,826044746.8418894,178818886.57687712,0.21647602900512639
26,stn_UTNW_MERGED_23,41671926.078439474,5897586.096122419,0.14152420228960225
26,stn_UTNW_MERGED_24,1008947098.4999762,143417193.75693825,0.1421454048187063
26,stn_UTNW_MERGED_44,1091952376.8555129,147722169.3305839,0.13528261164280656
27,dwpt_1203,123085724.83752114,34085262.65508721,0.27692295511994863
27,dwpt_1227,75901585.0918394,18606554.33423516,0.24514052389975258
27,dwpt_1641,83662063.65557256,17596727.093354665,0.21033101891675107
27,dwpt_356,288229408.1652129,67258145.26803373,0.23334935076951413
27,dwpt_360,4389951.41063617,1164280.5958227138,0.2652149162748915
27,dwpt_362,24767740.459320657,6171570.743746631,0.24917778647927208
27,dwpt_366,19182976.101466645,4082314.4178159763,0.21280923232260404
27,dwpt_430,171418325.030266,50040195.9471027,0.291918591190688
27,dwpt_431,99768349.14857686,29352384.35878614,0.2942053728389755
27,dwpt_434,18161387.542705778,4484848.807376593,0.2469441719048531
27,dwpt_444,4760840.143916092,1442102.583816132,0.3029092639581701
27,dwpt_445,173368051.10952407,48505188.157418355,0.2797815851709352
27,dwpt_446,4686807.414508862,1420406.9157303679,0.303064920340708
27,dwpt_449,4820713.189718726,1263258.076129978,0.2620479639452861
27,dwpt_452,14807699.74152294,3660987.1825134754,0.24723537392155082
27,dwpt_453,4422362.840816411,1265634.1092023498,0.28618956760424963
27,dwpt_455,3598406.248707525,1005406.5601857854,0.27940329431867433
27,dwpt_457,3773372.507035667,1195832.2790825795,0.31691339162854515
27,dwpt_461,284849567.1301031,64205063.72996712,0.22539989924099793
27,dwpt_462,228299961.62023535,52535877.650680155,0.23011776821088892
27,dwpt_554,18869131.63871867,4641420.789105745,0.2459795648243687
27,dwpt_564,55457510.73283503,10018125.875779886,0.18064506941254396
27,dwpt_649,110000027.20938326,28055714.6272126,0.2550518880673457
27,dwpt_792,4385255.817668021,1124600.7400220656,0.2564504299820079
27,dwpt_802,13393133.775888827,3521036.3427091776,0.2628986166813305
27,dwpt_819,50789970.58961231,10218622.644039035,0.2011937105970479
27,stn_100_South_Ogden,61959642.3669725,5478611.303708579,0.0884222551069621
27,stn_102_Riverton,22348550.981305037,1925705.871160699,0.08616692298178913
27,stn_103_Cottonwood_Heights,77448761.79559895,6686524.217136516,0.08633481106881272
27,stn_109_Hooper,5891680.719426906,577729.6504649228,0.09805854695417364
27,stn_112_Sunset,320745257.8917682,29884069.944142245,0.09317073038138658
27,stn_115_Clearfield,268593735.38027084,27172941.25503498,0.10116744240726222
27,stn_117_Draper,132901870.1844214,14497133.883815922,0.10908148894894376
27,stn_122_West_Bountiful,447670309.7387485,40668926.55676371,0.09084570871027227
27,stn_124_Washington_Terrace,114427289.24507168,10358750.512256894,0.09052692395842139
27,stn_126_Harrisville,80505442.30030967,6681201.681931426,0.08299068349948965
27,stn_131_Millcreek,196790706.86151487,21457802.514080714,0.10903869830185098
27,stn_132_Syracuse,126560676.47783428,9112893.749075849,0.07200414854508044
27,stn_136_Provo,146759599.65345135,15038277.16961408,0.10246878027144049
27,stn_137_Lindon,54710813.141809195,6530850.884763734,0.11937038603019692
27,stn_141_Kaysville,118461144.2907569,10350209.682869134,0.08737219064392175
27,stn_143_Clinton,23143636.104256544,1354112.200488756,0.05850905166278991
27,stn_147_South_Salt_Lake,102537136.59654886,16025456.919099588,0.15628929625911717
27,stn_14_Taylorsville,64850101.903388776,5572114.2690377515,0.08592298401225146
27,stn_151_North_Salt_Lake,613682193.7025107,70187117.60029155,0.1143704645833598
27,stn_157_Farmington,13242254.727567514,1026798.9580308159,0.07753958666066453
27,stn_160_Bountiful,15424951.89256267,1206905.0396975377,0.0782436825802654
27,stn_167_West_Valley_City,3026148067.1398454,388542751.2542209,0.12839515537038837
27,stn_172_Santaquin,138591153.15695253,12171313.488287212,0.08782172029771172
27,stn_174_Eagle_Mountain,132244546.68685287,7876901.965691639,0.05956315147227711
27,stn_181_South_Jordan,40613511.0358324,4816273.086959785,0.11858795174616876
27,stn_185_Spanish_Fork,175258999.07530513,22160071.071409658,0.12644184428947888
27,stn_18_Cedar_Fort,565785.5905071609,60104.493339179025,0.10623192663019634
27,stn_190_Sandy,41665999.56041763,5782975.231210782,0.13879362771137171
27,stn_194_Uintah,450158340.4244098,41211215.246227816,0.09154826545560354
27,stn_195_Marriott_Slaterville,526681492.0075805,39024476.518954866,0.07409502158544273
27,stn_198_West_Jordan,24858239.340091255,4685003.197250648,0.1884688264986932
27,stn_208_Cedar_Hills,2801263.7152418243,186530.1399493686,0.06658785423680327
27,stn_209_Woods_Cross,115296283.04643798,9758705.273915732,0.08464024178459605
27,stn_213_Pleasant_Grove,76214422.13169955,7598137.2738568485,0.09969421877564281
27,stn_217_Layton,341488492.5734643,30685294.094408773,0.08985747620121477
27,stn_219_Salt_Lake_City,3316258217.3048973,455840605.2010592,0.1374563062738577
27,stn_222_Roy,71699829.2690704,5811895.976546873,0.08105871430650655
27,stn_228_Payson,62766782.10230464,5614754.391913191,0.08945423365438121
27,stn_22_West_Haven,1016249405.2400146,79532777.35261367,0.07826108132759976
27,stn_23_Farr_West,215554602.73650882,19368601.24312791,0.08985473284838105
27,stn_241_Pleasant_View,97104168.90401556,11390893.246553563,0.11730591358866482
27,stn_244_Riverdale,142592538.34212512,12432523.52656341,0.08718915920224246
27,stn_254_Magna_City,294219586.2686253,30978377.774822284,0.10528999162733757
27,stn_256_Kearns,56480870.91540431,5350272.794073597,0.09472716527489645
27,stn_25_Vineyard,77744712.71953751,6121816.497126411,0.07874254445071706
27,stn_27_Midvale,62427337.84020732,7196218.813828609,0.11527351738509935
27,stn_31_Springville,1075462070.9671698,127071902.11216578,0.11815563332502207
27,stn_33_Murray,51006360.542062104,7026214.52838104,0.13775173240574404
27,stn_35_Centerville,68050156.03010815,5682657.789243711,0.08350690315433623
27,stn_47_Lehi,37449506.863533616,5507428.010020725,0.14706276454026082
27,stn_52_Plain_City,58423483.65400125,5524087.87173581,0.0945525245370657
27,stn_53_Holladay,13860330.10715911,1158537.740996263,0.08358659079828534
27,stn_61_Saratoga_Springs,14259595.206766231,965187.9572124726,0.06768691138963659
27,stn_62_Salem,84372844.62496954,7657109.703289555,0.09075324812532738
27,stn_66_South_Weber,88808372.40643299,8676456.253914475,0.09769862929371714
27,stn_6_Bluffdale,132495075.2690283,13278722.13478133,0.10022049580196986
27,stn_72_Santaquin,253873124.15036482,23095580.136846356,0.09097292284931756
27,stn_88_Orem,15909054.1131916,2583267.8917590664,0.1623772144704097
27,stn_8_Herriman,30083044.882520933,1887117.3181680473,0.06273026302814559
27,stn_93_American_Fork,52925664.5354592,5171492.282181371,0.09771237314774893
27,stn_94_Mapleton,76872381.52055992,7418782.579683648,0.09650777604307025
27,stn_98_Ogden,631157660.4582847,53241903.925802074,0.08435594980680902
27,stn_Inland_Port,426545810.2549564,69887771.25364614,0.16384587440179654
27,stn_UTNW_MERGED_17,718001768.1039804,155590902.8316842,0.21669988813892677
27,stn_UTNW_MERGED_23,13626553.814292911,1870584.9328807746,0.13727498224229778
27,stn_UTNW_MERGED_24,888721385.391003,124188697.8656994,0.13973861764456266
27,stn_UTNW_MERGED_44,992300814.9927287,132572244.86045119,0.133600862618885
28,dwpt_1175,10429916.470840678,3810190.5834785746,0.3653136239519149
28,dwpt_1203,132369412.53514436,36964916.14828604,0.2792557241158094
28,dwpt_1227,136465940.44208533,34613482.571380734,0.2536419157721653
28,dwpt_1641,87265203.52890603,18803889.487078726,0.21547981012672549
28,dwpt_356,320826170.3302072,74838899.57917404,0.2332693106118707
28,dwpt_360,4569127.587492219,1208541.813825797,0.2645016561004175
28,dwpt_362,50176928.036148965,13717987.855820108,0.27339234171404947
28,dwpt_366,31408861.00465756,7522038.51623027,0.23948778388095135
28,dwpt_430,194482154.8865071,56255716.304298356,0.28925901369782336
28,dwpt_431,161395054.61994752,47734486.801434875,0.29576176862320763
28,dwpt_434,24387726.912416905,6208976.775343884,0.2545943210550964
28,dwpt_444,4771018.810554759,1445476.5732648307,0.3029702104856626
28,dwpt_445,188309082.453101,52952858.58247035,0.28120182995240517
28,dwpt_446,6272392.468259409,1888104.9471594351,0.30101830469217833
28,dwpt_449,5043288.856136028,1398178.410139287,0.277235441003575
28,dwpt_452,16973468.71409408,4341340.642156878,0.25577215331077285
28,dwpt_453,4665728.150589533,1372909.1251222102,0.29425399011914954
28,dwpt_455,4060178.6523128245,1121983.3534459332,0.27633841993795294
28,dwpt_457,3953741.321937746,1236911.776585543,0.3128459036311782
28,dwpt_461,320487499.909905,74651243.91639279,0.23293028257694492
28,dwpt_462,249075821.7185809,58713979.22281331,0.23572733321804107
28,dwpt_554,46026671.15885591,11875458.686696913,0.25801254767502296
28,dwpt_564,64252688.03183594,12161585.765501464,0.1892774627495061
28,dwpt_565,11942049.894945841,3054269.3974729846,0.25575754785328975
28,dwpt_649,121088135.38619708,31299702.539761424,0.2584869478742448
28,dwpt_792,4500573.381801361,1192730.9367224528,0.26501755121812065
28,dwpt_793,5146646.527841276,1495540.8259792314,0.29058549443583515
28,dwpt_802,42191885.524859756,12082295.781567808,0.28636539067325717
28,dwpt_819,65018527.24098139,13546782.493202575,0.2083526506682236
28,stn_100_South_Ogden,25533471.896160264,1937389.8753261464,0.07587647630549968
28,stn_102_Riverton,18120363.498117648,1532204.4227870195,0.08455704671411175
28,stn_103_Cottonwood_Heights,81078310.01620384,7101257.286174176,0.08758516654768655
28,stn_109_Hooper,5891680.719425799,577729.6504648173,0.09805854695417415
28,stn_112_Sunset,326702617.29806185,30593067.328189205,0.09364194135083441
28,stn_115_Clearfield,234307282.93874043,23829046.440557107,0.10169998192837738
28,stn_117_Draper,121296785.1567129,13426912.96363905,0.11069471417805311
28,stn_122_West_Bountiful,445567127.22094965,40591957.6318034,0.0911017782774502
28,stn_124_Washington_Terrace,120248383.25520313,11050599.810496254,0.09189811547855548
28,stn_126_Harrisville,76325280.50201601,6582538.2861494,0.08624322430070248
28,stn_131_Millcreek,187228845.36324432,21118932.846431702,0.11279743142921528
28,stn_132_Syracuse,120645396.58487143,8802909.399119915,0.07296514950678006
28,stn_136_Provo,136828730.16205558,14296462.664593425,0.10448436266024796
28,stn_137_Lindon,52203589.589725085,6515468.363278871,0.12480881898131525
28,stn_141_Kaysville,103857256.00546332,9211829.598701084,0.08869702467602748
28,stn_143_Clinton,21142360.862159513,1241308.4385985676,0.058711912387242195
28,stn_147_South_Salt_Lake,93006143.98064177,14546431.895655304,0.15640291353959357
28,stn_14_Taylorsville,64329861.79505664,5725038.421905482,0.08899503686397499
28,stn_151_North_Salt_Lake,558520825.6770461,64529079.38109225,0.11553567282449903
28,stn_157_Farmington,10799689.430938162,836443.8201149949,0.07745072906622774
28,stn_160_Bountiful,13935453.428615501,1093464.695972107,0.07846638802055424
28,stn_167_West_Valley_City,2674932388.19443,345546180.92040557,0.12917940746668669
28,stn_172_Santaquin,135348440.6591275,12045701.531526633,0.08899771192682969
28,stn_174_Eagle_Mountain,121761385.54885471,7685804.082335096,0.06312185137915745
28,stn_181_South_Jordan,27650537.43686605,3028138.1393295308,0.10951462141535663
28,stn_185_Spanish_Fork,150862335.59156847,19152725.37116545,0.126954983800714
28,stn_18_Cedar_Fort,565785.5905073145,60104.49333919603,0.10623192663019754
28,stn_190_Sandy,38428956.35228337,5327234.042335214,0.1386255196081764
28,stn_194_Uintah,489396582.67548174,45376707.03523059,0.09271970553443735
28,stn_195_Marriott_Slaterville,482854501.1094024,36150603.62462054,0.07486852362680936
28,stn_198_West_Jordan,24702684.680001475,4681478.851572741,0.18951295829650128
28,stn_208_Cedar_Hills,2801263.7152418243,186530.1399493687,0.06658785423680331
28,stn_209_Woods_Cross,112034924.43209916,9522720.610825,0.08499778670887953
28,stn_213_Pleasant_Grove,91958187.35278146,9418151.286668126,0.10241775700228888
28,stn_217_Layton,311263758.022112,27955876.079860993,0.08981410575231512
28,stn_219_Salt_Lake_City,3020562954.1424365,418469882.96879137,0.1385403612908967
28,stn_222_Roy,70956351.599631,5789171.581580439,0.081587785322527
28,stn_228_Payson,59249160.91006691,5431341.298153952,0.09166950577406613
28,stn_22_West_Haven,923054230.5149391,73798410.54457568,0.0799502435554693
28,stn_23_Farr_West,204479474.1570866,18794997.70547253,0.09191630496386013
28,stn_241_Pleasant_View,99702544.1682523,12910920.538651805,0.12949439401329693
28,stn_244_Riverdale,124692893.48364815,10530545.904128592,0.08445185294789503
28,stn_254_Magna_City,301795707.0805018,32385989.43686269,0.10731096790659107
28,stn_256_Kearns,67823346.22058317,6284297.613688537,0.09265684994736172
28,stn_25_Vineyard,82611471.53515589,6652259.875310349,0.08052465053209266
28,stn_27_Midvale,55447638.92105718,6429628.827640032,0.11595856834939589
28,stn_31_Springville,953902396.1823205,113214523.64514251,0.11868564760739284
28,stn_33_Murray,54059603.80587009,7553402.417166283,0.13972359923855182
28,stn_35_Centerville,62311717.866028756,5501659.838120241,0.08829253993524784
28,stn_47_Lehi,37334378.49142189,5496503.485766317,0.14722365036903498
28,stn_52_Plain_City,59590268.71707682,5557838.7454547845,0.09326755634954992
28,stn_53_Holladay,9646747.522452623,805328.4262343202,0.08348186001135963
28,stn_61_Saratoga_Springs,13667427.814851252,946953.9590557944,0.06928545530906836
28,stn_62_Salem,80599413.61777867,7318443.997728307,0.09080021391264811
28,stn_66_South_Weber,75696514.07273878,7558902.048162081,0.09985799400086684
28,stn_6_Bluffdale,138779128.3373509,14047551.217973087,0.10122236237012262
28,stn_72_Santaquin,268624943.31003195,24652843.617050007,0.09177421617395026
28,stn_88_Orem,17452505.321972392,2844408.3827201836,0.1629799464458048
28,stn_8_Herriman,26225384.17217268,1631701.9523937737,0.06221841943978634
28,stn_93_American_Fork,50988261.93337534,5124374.272688149,0.10050105805496953
28,stn_94_Mapleton,68915124.63087316,6619570.593954223,0.09605395955402124
28,stn_98_Ogden,574995728.1789204,49144516.54475286,0.08546935939924175
28,stn_Inland_Port,369178464.0266665,60675925.16573693,0.16435391302065275
28,stn_UTNW_MERGED_17,711030204.2051507,154979921.94958207,0.21796531431858318
28,stn_UTNW_MERGED_23,11246799.248630457,1540749.769030918,0.13699451150233147
28,stn_UTNW_MERGED_24,821216190.978535,114364460.84447014,0.13926230644356524
28,stn_UTNW_MERGED_44,938518887.5959489,127048405.69010119,0.135371176189688
29,dwpt_1175,4355618.106767864,1548764.0831920481,0.3555784839780929
29,dwpt_1203,127427351.04368378,35461251.9220558,0.27828603224985204
29,dwpt_1227,53778854.560320616,13304930.524312604,0.2474007792298595
29,dwpt_1641,79954968.33304244,17016411.76824721,0.21282494537884714
29,dwpt_356,312541167.6373378,72685990.31257196,0.23256453177686442
29,dwpt_360,4510309.408898886,1188060.1547747892,0.26340990097724437
29,dwpt_362,26758518.187472675,6618067.628740357,0.24732563972240756
29,dwpt_366,20756954.435513914,4424372.862061169,0.2131513501080549
29,dwpt_430,183179265.85831213,52998336.65872227,0.28932497578473815
29,dwpt_431,49616019.56635917,13743918.76452742,0.27700567043967633
29,dwpt_434,18306235.211182877,4419103.011399041,0.24139878901476738
29,dwpt_445,176820621.28151613,49121269.49386164,0.27780283282488677
29,dwpt_446,4760203.240661764,1345247.575753179,0.28260297044925387
29,dwpt_449,4975184.633721464,1289857.1325336113,0.25925814366587463
29,dwpt_452,15055427.67091348,3653344.2592813615,0.24265961347212242
29,dwpt_453,4462034.642807787,1259240.3331006067,0.28221213726575084
29,dwpt_455,3794722.1662023696,1043688.2644917583,0.27503680606378794
29,dwpt_457,3777485.7425918793,1177433.8420059178,0.31169775936679905
29,dwpt_461,300147831.29791385,68357545.10458307,0.22774625693275227
29,dwpt_462,238650685.92501175,55264417.519351415,0.23157032759049545
29,dwpt_554,30630511.85346322,7691696.2622149475,0.2511122340694836
29,dwpt_564,58511798.2822572,10590367.90217774,0.18099542678709818
29,dwpt_565,7201615.424049866,1742627.7137336861,0.24197733579526665
29,dwpt_649,119558108.07800955,30767343.221592296,0.25734217207181925
29,dwpt_792,4450737.088066905,1148528.37584665,0.2580535208260284
29,dwpt_802,23035645.680861365,6372711.934168341,0.2766456830625313
29,dwpt_819,47736607.62234417,9783131.26306753,0.20493980930660685
29,stn_100_South_Ogden,55157836.75885563,5070714.115296509,0.09193098230927996
29,stn_102_Riverton,20142095.160238426,1649675.5494016018,0.08190188440069282
29,stn_103_Cottonwood_Heights,80789735.19853404,7481276.718895304,0.09260182250270643
29,stn_109_Hooper,5995763.620668834,564446.7219496397,0.09414092310174747
29,stn_112_Sunset,341403581.59103125,30808992.76758656,0.09024214867345116
29,stn_115_Clearfield,245530725.59232825,23554914.528121974,0.09593469196695097
29,stn_117_Draper,120547923.9936408,12697319.882013315,0.10533005846440899
29,stn_122_West_Bountiful,470579183.57479596,41653471.092590354,0.08851532865556465
29,stn_124_Washington_Terrace,98608317.0070072,8976254.814500576,0.0910293886656915
29,stn_126_Harrisville,75200708.38168626,6268140.944901625,0.08335215292238012
29,stn_131_Millcreek,201777255.1143656,21589957.548069846,0.1069989654474824
29,stn_132_Syracuse,116531827.92983723,8440118.09305603,0.07242757831051745
29,stn_136_Provo,135049913.89706308,13519305.565071128,0.10010599174002978
29,stn_137_Lindon,48790746.59228158,5658239.932135589,0.11596952962041149
29,stn_141_Kaysville,112009386.31885749,9589967.672147537,0.0856175360594133
29,stn_143_Clinton,21317037.46432994,1218681.1050233808,0.05716934668162098
29,stn_147_South_Salt_Lake,103193096.01289652,15630946.064761005,0.15147278905952713
29,stn_14_Taylorsville,68400180.52035035,5976814.215480173,0.0873800941753649
29,stn_151_North_Salt_Lake,594375346.4418882,66676607.476376005,0.11217929524756112
29,stn_157_Farmington,10790087.923992295,810297.5491783277,0.07509647325269621
29,stn_160_Bountiful,15250012.117612192,1158513.1143785482,0.0759680127100086
29,stn_167_West_Valley_City,2874407880.055693,360671898.21819866,0.12547693760539316
29,stn_172_Santaquin,139279291.27268967,12052980.044096448,0.08653820631883008
29,stn_174_Eagle_Mountain,124736248.40955377,7783548.609745078,0.062400053785399257
29,stn_181_South_Jordan,39381301.88945653,4578610.614400811,0.11626356658428887
29,stn_185_Spanish_Fork,155794590.51101443,19190209.44905003,0.12317635282524982
29,stn_18_Cedar_Fort,565785.590507161,57739.4857821114,0.10205188458467927
29,stn_190_Sandy,40011510.19799113,5367521.884840226,0.13414944495421005
29,stn_194_Uintah,488113547.4899546,45347592.18728758,0.09290377704220724
29,stn_195_Marriott_Slaterville,516330175.34204763,38722829.42670398,0.07499625486938022
29,stn_198_West_Jordan,25895718.838465527,4721027.536091536,0.18230919039323662
29,stn_208_Cedar_Hills,2801263.7152418243,180466.5609763582,0.06442326725414321
29,stn_209_Woods_Cross,113211862.97612795,9293745.180843335,0.08209161952226711
29,stn_213_Pleasant_Grove,94972802.18841478,9321427.935446037,0.09814839323107924
29,stn_217_Layton,327860874.0966632,29062665.43450543,0.08864328662143714
29,stn_219_Salt_Lake_City,3203956179.487064,430336516.7435219,0.13431410813253272
29,stn_222_Roy,70589638.8206656,5577963.005491358,0.07901957140852195
29,stn_228_Payson,57946413.195301905,5191522.814252188,0.08959178882659642
29,stn_22_West_Haven,936596955.1419566,70667435.49993072,0.075451276146013
29,stn_23_Farr_West,224565661.6552035,20406000.352767862,0.0908687472624336
29,stn_241_Pleasant_View,115835837.6589167,14672025.035181917,0.12666222588543183
29,stn_244_Riverdale,133083445.47148885,11071551.097475957,0.08319254929305142
29,stn_254_Magna_City,308307260.32005566,31400246.479001954,0.10184724954710818
29,stn_256_Kearns,70850260.43432145,6272274.478894129,0.08852860159502955
29,stn_25_Vineyard,89584803.69687527,6924778.128563773,0.07729858014753131
29,stn_27_Midvale,53452453.343954615,5876487.23175319,0.10993858773776585
29,stn_31_Springville,999337562.9654838,115979681.5933537,0.1160565617579608
29,stn_33_Murray,56233672.40353487,7646676.194964751,0.13598038093781117
29,stn_35_Centerville,36428137.25400562,2759681.126489314,0.07575685540126982
29,stn_47_Lehi,37147798.95616473,5290800.682271186,0.14242568418426227
29,stn_52_Plain_City,56183984.24490714,5263234.344618637,0.09367855297830233
29,stn_53_Holladay,9630339.562864006,775288.7956728803,0.08050482442618191
29,stn_61_Saratoga_Springs,13698358.576058315,918711.7833555053,0.06706728972339863
29,stn_62_Salem,84465715.28129101,7415100.903600259,0.08778829231370623
29,stn_66_South_Weber,78166401.5035746,7581158.120034825,0.09698742649280247
29,stn_6_Bluffdale,157308732.07332876,15377142.38491455,0.09775135926813373
29,stn_72_Santaquin,274464436.9876692,24501266.229312293,0.08926936581737566
29,stn_88_Orem,18041219.972252138,2794181.5283972006,0.15487763758186662
29,stn_8_Herriman,26473336.26951995,1652719.3927681658,0.06242958484499827
29,stn_93_American_Fork,51106667.737582915,4927993.346093722,0.09642564393744978
29,stn_94_Mapleton,77697669.22224864,7204367.473777912,0.09272308353511007
29,stn_98_Ogden,583269981.1616423,48788578.51052703,0.0836466474982298
29,stn_Inland_Port,425036954.0095507,67901617.23288256,0.15975462037438937
29,stn_UTNW_MERGED_17,833391986.0827072,174612303.838,0.20952001789548189
29,stn_UTNW_MERGED_23,37611517.11654442,5579124.872860489,0.14833554455069733
29,stn_UTNW_MERGED_24,872369525.686434,118214486.28809015,0.13550964678078561
29,stn_UTNW_MERGED_44,968876617.3249433,127535277.07220225,0.13163211371983113
30,dwpt_1203,121199579.81162514,33663900.25711759,0.27775591556868284
30,dwpt_1227,30655238.663601454,7464772.946199672,0.24350725264660825
30,dwpt_1641,56114265.565725215,11631887.338746134,0.20728930908169865
30,dwpt_356,295382689.4258854,68431717.21891092,0.23167138653899064
30,dwpt_362,18705758.385568935,4171340.38086168,0.22299766172965077
30,dwpt_366,22366810.57537167,4735866.13063723,0.2117363186261318
30,dwpt_430,53746196.136088006,15504347.757234234,0.2884733966656257
30,dwpt_431,21201282.573872276,5344174.431044079,0.25206844974700043
30,dwpt_434,14994721.253452301,3528214.937487378,0.2352971340947776
30,dwpt_445,144620255.21655366,39713734.142833665,0.27460699805408667
30,dwpt_446,4675946.797415047,1210520.3500687731,0.2588824044657591
30,dwpt_452,9329123.238980442,2023351.8269987148,0.21688552880772557
30,dwpt_455,3934435.719717262,989266.7009611339,0.25143801333529603
30,dwpt_461,284385727.9604447,63252370.504978806,0.222417527625636
30,dwpt_462,225623769.35511696,51596731.99676163,0.22868482405128054
30,dwpt_554,19357136.028386742,4607914.527415296,0.23804732893636268
30,dwpt_564,49694981.58511386,8490128.754825532,0.1708447912448518
30,dwpt_649,116032410.9437439,29652093.229303163,0.25555009146262947
30,dwpt_802,12306807.405986309,3079432.7516349973,0.25022190159058566
30,dwpt_819,24573686.270705562,4870173.428151182,0.19818652254696295
30,stn_100_South_Ogden,25551068.32270338,1811094.133352156,0.07088134673973338
30,stn_102_Riverton,21169948.355158597,1658141.3528437,0.07832524317139639
30,stn_103_Cottonwood_Heights,77584689.00221077,7374605.808896861,0.09505233447138936
30,stn_109_Hooper,5821296.056967963,518028.81818872795,0.08898857112217456
30,stn_111_Alpine,1083419.2186538912,196961.09569310155,0.18179582963076704
30,stn_112_Sunset,360843825.68042004,31297629.23193933,0.08673455662688256
30,stn_115_Clearfield,262149114.15911978,23227080.204373296,0.08860255079967533
30,stn_117_Draper,117614909.60107613,11781410.314554496,0.10016936079375009
30,stn_122_West_Bountiful,441933850.4525498,37271680.52217193,0.08433769100059867
30,stn_124_Washington_Terrace,116639468.69942221,10556961.050541129,0.09050933760463387
30,stn_126_Harrisville,75721596.26315336,5972068.289631445,0.07886875850948606
30,stn_131_Millcreek,225129793.56343922,23086448.2402235,0.10254728116968659
30,stn_132_Syracuse,117241671.56376079,8354461.939554733,0.07125846832549838
30,stn_136_Provo,141180502.7173509,13247636.962845815,0.09383474848058958
30,stn_137_Lindon,50142277.40653036,5775182.931228797,0.1151759200007269
30,stn_141_Kaysville,112810781.9904551,9362264.14366052,0.08299086291638913
30,stn_143_Clinton,21498181.439916495,1187674.9245468387,0.055245367049588545
30,stn_147_South_Salt_Lake,115826127.72639062,16715829.858023655,0.14431830007742721
30,stn_14_Taylorsville,74326631.6792737,6455893.547035349,0.08685841670981577
30,stn_151_North_Salt_Lake,617890401.7991161,66008082.30984707,0.10682813993816839
30,stn_157_Farmington,11272260.386302441,811769.5000724866,0.07201479315177224
30,stn_160_Bountiful,15197112.284273852,1130453.04004918,0.07438604248643907
30,stn_167_West_Valley_City,3095619609.3521495,373416323.49328196,0.12062732848866739
30,stn_172_Santaquin,153818656.9690785,12705608.765176749,0.08260122026504822
30,stn_174_Eagle_Mountain,127079359.9477802,7742276.334324447,0.06092473504356588
30,stn_181_South_Jordan,39372086.683698386,4328328.951636809,0.10993394854606245
30,stn_185_Spanish_Fork,158496915.40464407,18853408.75080019,0.11895126603989273
30,stn_18_Cedar_Fort,565785.590507161,54783.22633577672,0.0968268320277827
30,stn_190_Sandy,45302774.0347925,5878827.6714436775,0.12976749871715895
30,stn_194_Uintah,448956951.2736525,43893782.51548219,0.0977683548299214
30,stn_195_Marriott_Slaterville,547261537.2847921,40949144.60423558,0.07482554832448578
30,stn_198_West_Jordan,32663692.44597518,5684390.583699338,0.17402780145267283
30,stn_208_Cedar_Hills,2801263.7152418243,172887.08726009517,0.06171753352581814
30,stn_209_Woods_Cross,119856751.82763897,9466606.870839357,0.07898267495562447
30,stn_213_Pleasant_Grove,103692843.91523911,9622400.862256192,0.09279715454734525
30,stn_217_Layton,345235268.775306,29711122.33484678,0.08606050720207285
30,stn_219_Salt_Lake_City,3469197174.051972,448108963.30249417,0.1291679143100158
30,stn_222_Roy,69660153.67240992,5299553.291934934,0.07607725525351391
30,stn_228_Payson,57415117.7743685,4925283.769711365,0.08578374408403863
30,stn_22_West_Haven,957362491.9285933,69688974.9310104,0.07279267311864593
30,stn_23_Farr_West,239345306.0299472,21703428.11374078,0.09067831107172504
30,stn_241_Pleasant_View,137636357.410643,15900885.591044,0.115528236072124
30,stn_244_Riverdale,145192744.2426712,11418591.875875402,0.07864436983704007
30,stn_254_Magna_City,317193493.2808535,30798716.588354938,0.09709756738636736
30,stn_256_Kearns,70768735.64240144,5966493.284529853,0.08430973409895144
30,stn_25_Vineyard,88342529.55179915,6558434.760395521,0.07423870239701502
30,stn_27_Midvale,52386539.85596005,5228026.578493405,0.09979713477676097
30,stn_31_Springville,1056275841.6207132,118607385.35100031,0.1122882685350573
30,stn_33_Murray,59210784.52197072,7752346.069342833,0.13092794044075284
30,stn_35_Centerville,37204842.72256883,2752523.6848706296,0.07398294102183964
30,stn_47_Lehi,37387280.865686,5070068.653208009,0.13560945155177925
30,stn_52_Plain_City,55047368.58100531,4974882.923206145,0.09037458195454563
30,stn_53_Holladay,9801958.206630258,760074.5412806636,0.07754313222500098
30,stn_61_Saratoga_Springs,13577984.050076162,868553.4180483763,0.06396777421781581
30,stn_62_Salem,87174864.06799199,7250709.380708907,0.0831743124377426
30,stn_66_South_Weber,86207597.25473312,8163824.2690414945,0.09469959178792993
30,stn_6_Bluffdale,167982385.2286184,15547095.724029066,0.09255194050775019
30,stn_72_Santaquin,284591677.912115,24455444.796844915,0.08593169335189423
30,stn_88_Orem,26438428.142269127,4322010.700689213,0.1634745710838719
30,stn_8_Herriman,27081648.82664868,1657087.0604239022,0.0611885587554517
30,stn_93_American_Fork,51010632.06660298,4675058.01581028,0.09164869805389204
30,stn_94_Mapleton,79370258.43864909,6997200.294380818,0.08815897077857508
30,stn_98_Ogden,617092499.5808742,51511906.28798691,0.0834751780696954
30,stn_Inland_Port,465346803.1878162,70939494.5786799,0.15244435782671184
30,stn_UTNW_MERGED_17,983847980.37983,195601676.62410435,0.19881290659212336
30,stn_UTNW_MERGED_23,37295210.75387164,5314167.24372724,0.14248926702138484
30,stn_UTNW_MERGED_24,922020779.1851908,119926618.10430197,0.13006932252685635
30,stn_UTNW_MERGED_44,997447989.5079736,126122568.39599282,0.12644525802112974
31,dwpt_1641,15722440.877305089,3414023.9718025,0.2171433811355939
31,dwpt_356,7793179.934254937,1746945.4023115695,0.22416336040604784
31,dwpt_362,4563325.9018881,992839.981079105,0.21756937865610523
31,dwpt_366,5074979.1571954815,1110041.8389189392,0.21872835425246692
31,dwpt_430,361797.08119275625,581592.0987763758,1.607509095593058
31,dwpt_431,4562808.626901365,930457.2401723962,0.20392203930855549
31,dwpt_434,4333789.461564161,1025820.3526927668,0.236702858270029
31,dwpt_445,489954.3177638697,595665.4847096241,1.215757190238093
31,dwpt_446,3344259.4693194567,843579.7050287098,0.2522470857204076
31,dwpt_452,4454732.11062603,951027.5648820176,0.21348703833694016
31,dwpt_461,213298057.28272802,52074539.32791217,0.24413977319487262
31,dwpt_462,67327925.36281341,16784404.190301344,0.24929335190196894
31,dwpt_564,26792943.2627089,4551645.893059989,0.16988226520805896
31,stn_100_South_Ogden,45169749.2759459,4443273.007849083,0.09836833453966602
31,stn_102_Riverton,26479881.46801746,3777291.7157377866,0.1426476066480894
31,stn_103_Cottonwood_Heights,95077706.06411128,9524040.143921193,0.10017111832188183
31,stn_109_Hooper,6874379.899256696,3090442.9528839355,0.4495595236478122
31,stn_111_Alpine,1148766.8366634157,209940.03383383382,0.1827525196005858
31,stn_112_Sunset,502460569.0275122,44095171.03013162,0.08775847051137896
31,stn_115_Clearfield,282434117.0315476,24856573.86586801,0.08800839688603043
31,stn_117_Draper,132443322.8329696,13115350.716627788,0.09902613764204755
31,stn_122_West_Bountiful,536958243.506996,45311739.084352665,0.08438596414576192
31,stn_124_Washington_Terrace,110825431.19126393,10211584.922725024,0.09214117024369381
31,stn_126_Harrisville,78411641.43453978,6175443.238076731,0.07875671424672524
31,stn_131_Millcreek,289432990.3871506,30260722.37423725,0.10455173867277529
31,stn_132_Syracuse,127309294.2913774,9246034.618503334,0.07262654835978903
31,stn_136_Provo,160163448.30228576,14899744.957129177,0.09302837267219687
31,stn_137_Lindon,59489850.12250649,6805124.144343742,0.11439134794137251
31,stn_141_Kaysville,143288902.4152414,12029175.970699638,0.08395050675899458
31,stn_143_Clinton,28220471.393242456,3798616.7776529333,0.13460500800006242
31,stn_147_South_Salt_Lake,128844460.0679726,18619425.32914654,0.14451087240633986
31,stn_14_Taylorsville,79847631.34022383,6995583.7786709275,0.0876116631295342
31,stn_151_North_Salt_Lake,671850144.0547705,72239831.32248446,0.1075237267740994
31,stn_157_Farmington,24178737.861358527,3609413.8176701977,0.1492804892615431
31,stn_160_Bountiful,20485577.35740272,3570020.4744339683,0.17426994671174825
31,stn_162_Bluffdale,14162674.48673243,3387674.3604811775,0.2391973608978124
31,stn_167_West_Valley_City,3450712985.9343987,416660999.1896233,0.1207463503594745
31,stn_172_Santaquin,155976313.44738585,12898578.96027677,0.08269575472834685
31,stn_174_Eagle_Mountain,134985998.059605,8094859.371649382,0.05996814105174805
31,stn_181_South_Jordan,34200808.28587325,4092972.0768754142,0.11967471770443593
31,stn_185_Spanish_Fork,173939141.9994594,20900714.336554673,0.12016107528355885
31,stn_18_Cedar_Fort,565785.590507189,54783.22633578008,0.09682683202778383
31,stn_190_Sandy,49237710.55482494,6460150.296120144,0.13120330379551118
31,stn_194_Uintah,486642075.1949787,46863383.88226703,0.09629949046943932
31,stn_195_Marriott_Slaterville,611903319.7686344,46588948.85835683,0.07613776123321653
31,stn_198_West_Jordan,36284977.3687318,6333550.08592076,0.1745502008051032
31,stn_208_Cedar_Hills,2801263.7152418243,172887.0872600952,0.06171753352581815
31,stn_209_Woods_Cross,130736366.1487743,10465171.690204259,0.08004790096655424
31,stn_213_Pleasant_Grove,121537697.5192969,11294313.786624402,0.09292848241452961
31,stn_217_Layton,385746308.54536134,33642672.61352546,0.08721450307688243
31,stn_219_Salt_Lake_City,3776560482.1640153,488500215.6925235,0.12935056064893388
31,stn_222_Roy,66691926.32143461,5186053.729071857,0.0777613425660652
31,stn_228_Payson,56054799.413897,4861874.255390317,0.08673430832373955
31,stn_22_West_Haven,984973715.4289343,71592123.27015406,0.07268429821904158
31,stn_23_Farr_West,261188285.205376,24217248.437097274,0.09271950469775056
31,stn_241_Pleasant_View,167382131.92249003,19406686.963378247,0.11594240520466628
31,stn_244_Riverdale,151139344.88928846,12165522.607033962,0.08049209566142666
31,stn_254_Magna_City,404992431.1407813,39162429.775759324,0.09669916463734082
31,stn_256_Kearns,66238989.77891797,5610165.192100109,0.08469581451687037
31,stn_25_Vineyard,74006206.04879846,5422994.10518988,0.0732775586633106
31,stn_27_Midvale,58625962.268789925,5967321.30996328,0.10178632604108298
31,stn_31_Springville,1166764361.9632328,131842873.51361907,0.11299871491770308
31,stn_33_Murray,66507139.70272721,8779815.371848833,0.13201312537409882
31,stn_35_Centerville,63282988.337624274,5188826.52032444,0.08199401856058486
31,stn_47_Lehi,38828662.16627198,5277833.252821695,0.1359262194051645
31,stn_52_Plain_City,79171620.35431221,7102806.676289054,0.08971404961149299
31,stn_53_Holladay,23971348.231357757,3664669.5900679654,0.1528770745265835
31,stn_57_Fruit_Heights,14334921.349595252,3396679.5953644877,0.23695139390914016
31,stn_61_Saratoga_Springs,25016930.2144083,3734136.6230031326,0.149264381800629
31,stn_62_Salem,87248663.00466031,7437468.537438629,0.08524449866975456
31,stn_66_South_Weber,104408706.51755063,9441897.264106039,0.09043208731370404
31,stn_6_Bluffdale,189070862.68319353,17512857.705566403,0.09262589410675555
31,stn_72_Santaquin,315394469.8636446,27137655.653478883,0.08604353673420902
31,stn_88_Orem,33687888.211373076,5062885.090927664,0.15028799250225566
31,stn_8_Herriman,32347845.71014727,3948800.2891396377,0.12207305316474072
31,stn_93_American_Fork,48614324.93105526,4568843.660879377,0.09398142764213845
31,stn_94_Mapleton,151500788.0191837,13546828.341553781,0.08941754375454748
31,stn_98_Ogden,659709979.7095383,55847906.13406735,0.08465523919868008
31,stn_Inland_Port,530858357.12905663,81257122.73972002,0.15306742683522576
31,stn_UTNW_MERGED_17,1101812728.1514745,219488041.68594554,0.19920630437277984
31,stn_UTNW_MERGED_23,39784055.12430749,5764177.191698909,0.14488661785955245
31,stn_UTNW_MERGED_24,1005744131.4091783,131988973.53661096,0.1312351416375428
31,stn_UTNW_MERGED_44,1101738817.5333138,140646417.39430827,0.12765858400923183
32,dwpt_431,2626623.9482218735,711225.2706368037,0.270775445841144
32,dwpt_461,376805.4383038834,488022.1090654813,1.295156755863764
32,dwpt_564,14459569.46292725,2602243.5041001355,0.1799668732026913
32,stn_100_South_Ogden,47922341.94215498,4536048.867710166,0.09465415678527225
32,stn_102_Riverton,26744159.802321956,3787245.7524733692,0.1416101975334651
32,stn_103_Cottonwood_Heights,96535005.78103986,9576166.660841536,0.09919890285770677
32,stn_109_Hooper,6931318.127155412,3092408.387852452,0.4461501162004182
32,stn_111_Alpine,1164548.749986983,212841.51244965056,0.1827673701526275
32,stn_112_Sunset,571554550.9315503,50223200.43722437,0.08787122831122228
32,stn_115_Clearfield,286730693.0774268,25223214.70944352,0.08796831074736884
32,stn_117_Draper,129742450.62133501,12583522.608078387,0.09698847638391328
32,stn_122_West_Bountiful,583796195.1070932,49303289.11094038,0.08445291271878887
32,stn_124_Washington_Terrace,121124807.48843522,11043597.475039992,0.09117535626295559
32,stn_126_Harrisville,80312757.37005986,6331027.983863262,0.07882966780347941
32,stn_131_Millcreek,307123314.1104355,32152972.438212972,0.10469075762399267
32,stn_132_Syracuse,134328717.1054367,9725078.647982737,0.07239761428190646
32,stn_136_Provo,163649981.6361452,15135483.370191146,0.09248692373117985
32,stn_137_Lindon,63045185.5733777,7126914.299527881,0.11304454471361548
32,stn_141_Kaysville,163868101.76614195,13910591.397684889,0.08488895183235144
32,stn_143_Clinton,30410936.442584984,3871796.9951722804,0.12731594117406175
32,stn_147_South_Salt_Lake,134052004.02632464,19412114.673214566,0.14481032800824437
32,stn_14_Taylorsville,82408176.98249686,7156434.71076672,0.08684131809258097
32,stn_151_North_Salt_Lake,685978179.1631095,73744181.00349303,0.10750222564435011
32,stn_157_Farmington,26913789.913963273,3693010.683658068,0.13721630047138322
32,stn_160_Bountiful,20557060.528466355,3572828.9468821166,0.17380057532713142
32,stn_162_Bluffdale,14980616.239525145,3412733.515132353,0.22780995524924613
32,stn_167_West_Valley_City,3560242560.491087,430316919.6511289,0.12086730393778915
32,stn_172_Santaquin,165671028.3099522,13879373.715961596,0.08377671013180905
32,stn_174_Eagle_Mountain,136191705.9848835,8142863.285752865,0.05978971499671703
32,stn_181_South_Jordan,35107592.76328533,4126540.282793061,0.11753982423735121
32,stn_185_Spanish_Fork,183430284.09628242,22160814.149790842,0.120813279328285
32,stn_18_Cedar_Fort,565785.5905071844,54783.22633578043,0.09682683202778525
32,stn_190_Sandy,49841235.90127373,6542181.459748207,0.13126041803431718
32,stn_194_Uintah,504505160.93955046,49439954.17062118,0.09799692450826097
32,stn_195_Marriott_Slaterville,675976843.2575717,53307265.31740005,0.07885960273507188
32,stn_198_West_Jordan,36601490.11722569,6386101.33257892,0.1744765394011497
32,stn_208_Cedar_Hills,2801263.7152418243,172887.08726009523,0.06171753352581816
32,stn_209_Woods_Cross,135062610.3263602,10958020.475344442,0.08113289421006964
32,stn_213_Pleasant_Grove,130455864.47457273,12151149.806577148,0.09314376057770511
32,stn_217_Layton,401319987.6805389,35187768.71588427,0.08768008022539521
32,stn_219_Salt_Lake_City,3869353705.653571,500971718.1325934,0.1294716782806948
32,stn_222_Roy,69612085.03751776,5288283.5544157,0.0759678948212161
32,stn_228_Payson,57605324.45944745,4915153.766098683,0.085324643376652
32,stn_22_West_Haven,1003775354.2772042,73194321.36467686,0.07291902620719597
32,stn_23_Farr_West,272413896.6364432,25862566.344577182,0.09493849860050539
32,stn_241_Pleasant_View,176590416.33838925,20497823.927995246,0.11607551730732962
32,stn_244_Riverdale,151739279.56126603,12183859.610282948,0.08029469788910926
32,stn_254_Magna_City,428688782.6696006,41576738.4046514,0.09698583234610891
32,stn_256_Kearns,71249368.07054256,5982861.422756048,0.0839707296327532
32,stn_25_Vineyard,78452259.15879351,5747767.488078888,0.07326452481686928
32,stn_27_Midvale,60136615.40497032,6128231.587963097,0.10190516288112543
32,stn_31_Springville,1190445118.2969053,134761392.926693,0.11320252471570266
32,stn_33_Murray,66712166.61720805,8772362.159921583,0.13149568669021158
32,stn_35_Centerville,65770614.13254467,5359263.693055535,0.08148416680822294
32,stn_47_Lehi,43148006.42054271,5857718.383040777,0.13575872604514877
32,stn_52_Plain_City,90976818.58912785,8285880.428905929,0.09107683207001184
32,stn_53_Holladay,27731252.88793473,3795517.335926327,0.13686786353521282
32,stn_57_Fruit_Heights,11888309.660485476,3294767.101561114,0.2771434455911176
32,stn_61_Saratoga_Springs,25550549.560119264,3752940.3362689577,0.14688295950106522
32,stn_62_Salem,86429840.91563721,7364267.045978049,0.08520514405627788
32,stn_66_South_Weber,109426660.65802558,10020023.019066626,0.09156838889912462
32,stn_6_Bluffdale,195559280.47861955,18158403.563756518,0.09285370410095047
32,stn_72_Santaquin,320669312.78870094,27635546.512150668,0.08618082682068363
32,stn_88_Orem,35417933.41681954,5341087.514665415,0.15080178314777107
32,stn_8_Herriman,32971010.11640493,3971830.4082585704,0.120464322877459
32,stn_93_American_Fork,48267013.16913779,4556733.348819617,0.09440678114578714
32,stn_94_Mapleton,153925660.58114207,13756470.162011914,0.08937086974371097
32,stn_98_Ogden,686836856.7829949,58551403.93155097,0.0852479061851659
32,stn_Inland_Port,554421707.1835943,85258333.85487731,0.15377885236128458
32,stn_UTNW_MERGED_17,1207880562.459951,241962773.56757525,0.20032011532232755
32,stn_UTNW_MERGED_23,42406809.07757524,6116655.551946849,0.14423758082711632
32,stn_UTNW_MERGED_24,1020034457.4538332,133837432.26737145,0.13120873641999387
32,stn_UTNW_MERGED_44,1136717286.317481,145852458.61871642,0.1283102319057901
33,dwpt_1641,6191250.464190578,1485439.0505049704,0.23992553024571772
33,dwpt_431,3926310.9083314366,894957.2585041244,0.22793845912840716
33,dwpt_461,5248970.1857920075,1372761.1150028347,0.2615296079826564
33,dwpt_564,17654418.10176619,3262752.8212290257,0.18481225506393847
33,stn_100_South_Ogden,60643231.907959156,5238375.218028844,0.08638021182610042
33,stn_102_Riverton,25739446.65502035,2123389.950635152,0.08249555552201412
33,stn_103_Cottonwood_Heights,106907160.48914294,9980479.863422722,0.09335651436029206
33,stn_109_Hooper,6550698.932995831,619410.8167690899,0.09455644704553913
33,stn_111_Alpine,119171.07876737561,22613.67567174744,0.18975808481091122
33,stn_112_Sunset,577960012.9150932,53219194.986211225,0.09208110214716453
33,stn_115_Clearfield,279885320.9562616,25917024.938891258,0.09259872883058909
33,stn_117_Draper,136615455.98338014,14536048.546778716,0.10640120067049434
33,stn_122_West_Bountiful,679568000.9583151,60636271.15824806,0.08922767268726578
33,stn_124_Washington_Terrace,132098685.98130256,12234866.32826488,0.0926191372561921
33,stn_126_Harrisville,80188687.62852593,6711395.96070173,0.08369504676011497
33,stn_131_Millcreek,301685921.00370055,33575595.656519584,0.11129321363361779
33,stn_132_Syracuse,129948326.20508064,9525080.108344013,0.07329898265339571
33,stn_136_Provo,157096445.17791656,15462300.602691274,0.09842552824909401
33,stn_137_Lindon,57779187.73133691,6634569.324416125,0.11482628235041499
33,stn_141_Kaysville,160402239.50653404,14335783.515240788,0.08937396110767404
33,stn_143_Clinton,24886413.50347211,1460307.4078413867,0.05867890154753103
33,stn_147_South_Salt_Lake,124975035.81388204,18942424.84718674,0.15156966928496488
33,stn_14_Taylorsville,80401479.8346157,7334067.843006512,0.09121807034015479
33,stn_151_North_Salt_Lake,677408964.0466853,76755889.41603744,0.11330805095568179
33,stn_157_Farmington,19024183.808410127,1368729.2869295562,0.07194680732239742
33,stn_160_Bountiful,15919717.574064339,1209095.271156038,0.0759495427937641
33,stn_167_West_Valley_City,3463178979.983679,436499962.508737,0.1260402552197271
33,stn_172_Santaquin,159103755.65604505,14068233.798796503,0.08842175812122
33,stn_174_Eagle_Mountain,139347897.97582275,8538630.020736998,0.061275628443412
33,stn_181_South_Jordan,40727463.49145847,4619756.043765997,0.11343097869905085
33,stn_185_Spanish_Fork,180930405.63638625,22634126.54776538,0.12509852320373904
33,stn_18_Cedar_Fort,565785.5905071609,57739.4857821113,0.1020518845846791
33,stn_190_Sandy,46922167.51708751,6434844.810078196,0.1371386947914296
33,stn_194_Uintah,514506136.05041265,50671167.06994348,0.09848505881566122
33,stn_195_Marriott_Slaterville,634786389.7538769,51076389.725449994,0.08046232646111652
33,stn_198_West_Jordan,30655714.35719296,5609022.39911242,0.18296824969587885
33,stn_208_Cedar_Hills,2801263.7152418243,180466.56097635822,0.06442326725414323
33,stn_209_Woods_Cross,139042589.03001726,11908602.179563683,0.08564715503817891
33,stn_213_Pleasant_Grove,133845407.18240534,13225881.294226173,0.09881460688600141
33,stn_217_Layton,397710012.8678488,36621457.263796374,0.09208080279327784
33,stn_219_Salt_Lake_City,3705325086.7912765,499283212.16207445,0.13474747841745832
33,stn_222_Roy,70951699.72553585,5589029.397048725,0.0787723115678539
33,stn_228_Payson,59043736.180378035,5225062.49129099,0.08849478080669684
33,stn_22_West_Haven,1014360644.4784579,76372496.20560223,0.07529126511495307
33,stn_23_Farr_West,268797404.069236,26177801.310324714,0.09738859421269529
33,stn_241_Pleasant_View,166422825.6925523,20401919.626479104,0.12259087382742428
33,stn_244_Riverdale,147018709.57352936,12299007.230486672,0.08365606844301333
33,stn_254_Magna_City,450719901.3700119,46103480.988490015,0.1022885407286288
33,stn_256_Kearns,71835543.81721385,6341668.099430861,0.08828036599217916
33,stn_25_Vineyard,92744725.85029595,7083250.816400377,0.07637362396039445
33,stn_27_Midvale,58413699.327943265,6453749.780001901,0.11048349709491231
33,stn_31_Springville,1162493903.7607152,136074239.5202569,0.11705372310345129
33,stn_33_Murray,64909360.25195101,8823531.55892865,0.13593619663911935
33,stn_35_Centerville,41728687.016379245,2998266.947638091,0.07185145668401258
33,stn_47_Lehi,40917630.50557512,5825648.364866344,0.1423750176362873
33,stn_52_Plain_City,99916462.98325408,9430933.291940495,0.09438818199080078
33,stn_53_Holladay,14067898.71930483,1134797.2303557608,0.0806657236448911
33,stn_61_Saratoga_Springs,16818166.90342648,1164007.0293769701,0.06921129015194986
33,stn_62_Salem,102691514.17698948,9123697.707715131,0.08884568292556656
33,stn_66_South_Weber,114683489.68470927,11172815.082332093,0.09742304766840176
33,stn_6_Bluffdale,197338576.7395778,19398832.00856603,0.09830227991441393
33,stn_72_Santaquin,326955464.01448655,29417803.286546834,0.08997495538182353
33,stn_88_Orem,20111124.454001732,3122373.308143628,0.15525602833820337
33,stn_8_Herriman,29147638.54881281,1914006.538113161,0.06566592126864147
33,stn_93_American_Fork,53999858.333777495,5016423.716666373,0.09289697920426851
33,stn_94_Mapleton,167185432.10009468,15657963.470449591,0.09365626701897745
33,stn_98_Ogden,658997027.7726333,56255413.70328248,0.0853652009530636
33,stn_Inland_Port,519148421.417742,83509724.41886675,0.16085905489380112
33,stn_UTNW_MERGED_17,1039486577.4222605,218372155.55733418,0.21007693634568886
33,stn_UTNW_MERGED_23,40118763.40213827,5784429.168616395,0.14418263869788403
33,stn_UTNW_MERGED_24,1014660665.4031227,139352412.5145021,0.137338932380056
33,stn_UTNW_MERGED_44,1091314918.6674025,145425496.65357402,0.13325713244271611
34,dwpt_1641,11204745.522474803,2768295.846062002,0.2470645888841718
34,dwpt_356,5361745.237098745,1351712.239938341,0.25210303365136316
34,dwpt_362,3349257.560351387,866644.5783255848,0.2587572208793225
34,dwpt_431,4060630.9400951816,919879.0135088592,0.2265359810038036
34,dwpt_461,108519451.93606429,30131625.826410756,0.27766105789184425
34,dwpt_564,19956513.97974544,3764991.369508749,0.18865977160790554
34,stn_100_South_Ogden,62717950.22685046,5501788.983445773,0.08772271675885188
34,stn_102_Riverton,24448199.53480324,2170127.3890663437,0.08876430290815723
34,stn_103_Cottonwood_Heights,110615906.26009347,10385956.471828813,0.09389207052562674
34,stn_109_Hooper,4118589.4432402444,399683.6159266933,0.0970438110996195
34,stn_112_Sunset,619981759.5169458,59286501.09375553,0.09562620219657456
34,stn_115_Clearfield,274140867.62742174,27264058.506913558,0.09945273297948223
34,stn_117_Draper,140027609.12654564,15655945.628812972,0.11180613399364973
34,stn_122_West_Bountiful,684813713.8781385,63428907.00210445,0.09262213316801585
34,stn_124_Washington_Terrace,151543065.05044034,14276841.842337457,0.09420979995082905
34,stn_126_Harrisville,83773349.86203751,7177146.84244741,0.08567338961933747
34,stn_131_Millcreek,300095412.113207,34838581.61100975,0.11609168352719554
34,stn_132_Syracuse,132482086.33447888,9839080.789947875,0.0742672542543378
34,stn_136_Provo,154176079.6591218,15271261.522365041,0.09905078372811978
34,stn_137_Lindon,54735736.858678885,6209899.248777079,0.11345237326045862
34,stn_141_Kaysville,147970168.92678887,13414656.570447085,0.09065784453543639
34,stn_143_Clinton,24101544.13394509,1458562.8453401485,0.06051740242177595
34,stn_147_South_Salt_Lake,120631508.12398845,18928544.765629105,0.15691211243229933
34,stn_14_Taylorsville,77111507.69473171,7228374.147700386,0.09373924027417546
34,stn_151_North_Salt_Lake,649380528.5570205,75815365.47492361,0.11675029068609723
34,stn_157_Farmington,17239631.92539755,1286864.5152195585,0.07464570710026242
34,stn_160_Bountiful,15810749.048635406,1246686.0313243442,0.0788505356380913
34,stn_167_West_Valley_City,3350989040.5754733,435352661.0922735,0.12991766186663187
34,stn_172_Santaquin,155261123.87927076,14079571.986126227,0.09068317705257846
34,stn_174_Eagle_Mountain,139737340.14924774,8794150.929272417,0.06293343582953378
34,stn_181_South_Jordan,40879371.78549437,4824399.120773199,0.11801549070000845
34,stn_185_Spanish_Fork,180699900.93088716,23279958.288111895,0.12883215855782815
34,stn_18_Cedar_Fort,565785.5905071609,60104.493339179004,0.1062319266301963
34,stn_190_Sandy,39877843.551542796,5658655.93711976,0.14189974765826668
34,stn_194_Uintah,516179940.481212,52203658.238257885,0.10113461245625062
34,stn_195_Marriott_Slaterville,620046339.890147,50120398.23869098,0.08083331037414197
34,stn_198_West_Jordan,24867158.255975507,4687621.641084772,0.18850652707606225
34,stn_208_Cedar_Hills,2801263.7152418243,186530.1399493686,0.06658785423680327
34,stn_209_Woods_Cross,137150449.8965411,12133272.749894697,0.08846688260262642
34,stn_213_Pleasant_Grove,133036295.01797889,13755732.269769024,0.10339834154213356
34,stn_217_Layton,389025580.63223666,36535419.86490749,0.09391521196506114
34,stn_219_Salt_Lake_City,3616028591.594009,502325270.9579065,0.13891628847339194
34,stn_222_Roy,70980185.52515323,5789900.065514034,0.08157065274874871
34,stn_228_Payson,60345135.87937776,5464839.773090978,0.09055973929720693
34,stn_22_West_Haven,1009324503.3893989,78750392.93167764,0.07802286843054639
34,stn_23_Farr_West,239634054.9145181,23008452.915558,0.09601495465143943
34,stn_241_Pleasant_View,162443115.5923047,20629858.3230252,0.12699743074862868
34,stn_244_Riverdale,151175567.88456815,14001157.230639054,0.09261521174724344
34,stn_254_Magna_City,448838566.70266604,48138446.27182874,0.10725113625032616
34,stn_256_Kearns,72606087.75483648,6675160.987435157,0.09193665701937655
34,stn_25_Vineyard,93163185.25510609,7369185.791142805,0.0790997621105802
34,stn_27_Midvale,57713912.432907626,6709111.11055579,0.11624772654869181
34,stn_31_Springville,1144995658.4726114,137368330.31932122,0.11997279579432318
34,stn_33_Murray,62585867.11561769,8796737.895738915,0.14055470190240082
34,stn_35_Centerville,45233995.4129846,3248075.5376604274,0.07180607213679945
34,stn_47_Lehi,37559986.133629315,5504854.664017538,0.14656167988008836
34,stn_52_Plain_City,101308109.38410422,9679492.649562271,0.09554509217878104
34,stn_53_Holladay,14421613.114549432,1207868.4766045152,0.08375404797026079
34,stn_61_Saratoga_Springs,16092104.414344907,1139926.6314397343,0.07083763578016403
34,stn_62_Salem,104888672.43233481,9774936.462165328,0.09319344248990548
34,stn_66_South_Weber,116011576.80137938,11691997.55041449,0.10078302418414738
34,stn_6_Bluffdale,200776365.49040332,20588383.641984094,0.10254386063666529
34,stn_72_Santaquin,339273229.6883617,31514479.17189473,0.09288819869708627
34,stn_88_Orem,29669375.27888359,4975178.437059302,0.16768733383477258
34,stn_8_Herriman,29718487.338724297,1904604.5043952053,0.06408820484996336
34,stn_93_American_Fork,53809073.93966142,5210592.391660217,0.09683482747729673
34,stn_94_Mapleton,182579380.3886104,17794888.3417134,0.09746384451430351
34,stn_98_Ogden,648203987.3210312,55683695.74308323,0.08590458687737935
34,stn_Inland_Port,488879756.70675594,81277684.17742738,0.16625291405997009
34,stn_UTNW_MERGED_17,899143596.9630768,196669502.04514897,0.21872980323656263
34,stn_UTNW_MERGED_23,41410342.92578699,5886740.8944764985,0.142156294262676
34,stn_UTNW_MERGED_24,1000051399.1373492,142333748.00551048,0.14232643254965544
34,stn_UTNW_MERGED_44,1084009057.7565114,148659390.641294,0.13713851335242777
35,dwpt_1641,31474576.658736266,7302082.722545078,0.23199939435939226
35,dwpt_356,271781191.3051988,68441963.53049344,0.25182744693188136
35,dwpt_362,8905872.860009326,2070384.327055329,0.23247404938286542
35,dwpt_366,10725986.359928248,2508591.2140646377,0.23387976917783615
35,dwpt_431,9770115.7833646,2344111.9640409476,0.23992673331796383
35,dwpt_434,7764531.097742512,1900338.1060675425,0.2447460229272639
35,dwpt_445,5232270.3084587995,1501734.1407226892,0.28701386820457203
35,dwpt_446,4078921.084929678,1082140.141548464,0.26530058292783093
35,dwpt_452,5045043.392568811,1112028.8651850014,0.22042007940367464
35,dwpt_461,326886938.12461466,82409591.56793258,0.2521042658991675
35,dwpt_462,253164144.1123602,64935230.66194408,0.25649457939479886
35,dwpt_554,3523759.862660898,894806.0129203071,0.2539350148124486
35,dwpt_564,36228899.40545637,6686406.752992363,0.18456002977516162
35,dwpt_802,3339512.238475078,884482.2681846503,0.2648537286356919
35,stn_100_South_Ogden,59384959.30272385,5399916.115849828,0.09093070331702909
35,stn_102_Riverton,22941512.927223206,1959235.210383976,0.08540130795206094
35,stn_103_Cottonwood_Heights,96539840.17471835,8620124.209794186,0.08929084815339902
35,stn_109_Hooper,3720326.82424111,361034.69356049853,0.09704381109961867
35,stn_112_Sunset,496264134.03940225,47261240.97564822,0.09523404520685305
35,stn_115_Clearfield,264377399.23851258,26530963.694121554,0.10035261626197553
35,stn_117_Draper,136073346.693289,15095331.792106174,0.11093525777778683
35,stn_122_West_Bountiful,558480287.316323,51387010.35768257,0.09201221873848697
35,stn_124_Washington_Terrace,144161562.79572648,13257981.571535153,0.09196613379060964
35,stn_126_Harrisville,79997137.25203285,6843776.457621025,0.0855502670809275
35,stn_131_Millcreek,263012553.49745944,30480452.514411155,0.1158897250686005
35,stn_132_Syracuse,125336306.7911513,9087534.25181083,0.07250520207966114
35,stn_136_Provo,151903267.36816543,15271591.986501046,0.10053498026140241
35,stn_137_Lindon,52186232.428741686,5703877.045643794,0.10929850230963159
35,stn_141_Kaysville,120294837.66884944,10679058.173409006,0.08877403536473093
35,stn_143_Clinton,22676754.763691526,1356434.1562437194,0.05981606144171693
35,stn_147_South_Salt_Lake,110193246.72052652,17279861.921405435,0.156814164530707
35,stn_14_Taylorsville,73790844.92680112,6836632.9215041455,0.09264879577250991
35,stn_151_North_Salt_Lake,629290479.2674423,73131121.75182773,0.11621202633950499
35,stn_157_Farmington,11534190.980742525,897990.9433037452,0.077854696944331
35,stn_160_Bountiful,15508615.982010236,1231317.7789216733,0.07939572301938379
35,stn_167_West_Valley_City,3160072984.2061415,409906430.0596014,0.12971422878784433
35,stn_172_Santaquin,149713907.70449904,13562034.132351764,0.09058633456498986
35,stn_174_Eagle_Mountain,133809202.73317066,8470034.888665251,0.06329934500510681
35,stn_181_South_Jordan,40206917.84895876,4811933.404123066,0.1196792408261575
35,stn_185_Spanish_Fork,174495101.57374528,22406445.53234547,0.12840730387423532
35,stn_18_Cedar_Fort,565785.5905071609,60104.49333917904,0.10623192663019637
35,stn_190_Sandy,38486006.64322148,5447100.314041354,0.14153456773361411
35,stn_194_Uintah,518595834.0022292,49764725.12208364,0.09596051849863052
35,stn_195_Marriott_Slaterville,572289412.2124552,44916592.443338625,0.07848580016480178
35,stn_198_West_Jordan,24858343.622860275,4687352.221823619,0.18856253228043027
35,stn_208_Cedar_Hills,2801263.7152418243,186530.1399493686,0.06658785423680327
35,stn_209_Woods_Cross,123065748.63069724,10646646.700835112,0.08651185906148576
35,stn_213_Pleasant_Grove,120333744.83463444,12403219.586266395,0.10307349449908004
35,stn_217_Layton,351289159.5151456,32490930.636212308,0.092490558721074
35,stn_219_Salt_Lake_City,3467857263.649796,481462483.7157249,0.1388357268225633
35,stn_222_Roy,70323381.79835467,5769824.859604432,0.08204703346248099
35,stn_228_Payson,60442903.70069783,5467828.04654955,0.09046269639237108
35,stn_22_West_Haven,974006830.3033723,76377599.36759824,0.07841587655377019
35,stn_23_Farr_West,227226741.74317607,21707039.89359321,0.09553030478308613
35,stn_241_Pleasant_View,133999526.26728083,17580668.567599297,0.13119948299318754
35,stn_244_Riverdale,141967564.7354565,12629334.120470524,0.08895929252575492
35,stn_254_Magna_City,410068899.50300384,43997620.83331374,0.10729323995708542
35,stn_256_Kearns,71860277.53409865,6614502.007565366,0.09204670834212542
35,stn_25_Vineyard,93124908.08168823,7369782.207878441,0.07913867900319152
35,stn_27_Midvale,56149020.8392803,6553151.592565099,0.11670998878720776
35,stn_31_Springville,1108180806.5486648,132503072.3037234,0.1195680989245726
35,stn_33_Murray,61257963.696112216,8627575.899531942,0.140840070073689
35,stn_35_Centerville,43360196.642089926,3190802.878227912,0.07358829353487263
35,stn_47_Lehi,37629215.67143294,5503771.172082568,0.14626324449969544
35,stn_52_Plain_City,94932718.30788077,8775391.663578423,0.09243801104608146
35,stn_53_Holladay,14550230.014624992,1222976.1636966849,0.08405201584218426
35,stn_61_Saratoga_Springs,13845451.270138305,956739.9268876761,0.0691013899237189
35,stn_62_Salem,98576075.35969658,9124518.24173339,0.09256321281242653
35,stn_66_South_Weber,97197363.34668595,9838195.942901747,0.1012187533092912
35,stn_6_Bluffdale,191900216.13409653,19649120.308344457,0.10239238237550495
35,stn_72_Santaquin,328251169.8641039,30361745.12632852,0.09249546662361718
35,stn_88_Orem,30053787.901287418,4984255.818809879,0.16584451301715508
35,stn_8_Herriman,28425223.826851726,1816890.953898353,0.06391826375636266
35,stn_93_American_Fork,53844643.68601116,5211679.580957611,0.09679104966036957
35,stn_94_Mapleton,178530164.92988226,17371415.47127683,0.09730241092926485
35,stn_98_Ogden,602641202.6763892,51498150.828479335,0.08545408213008163
35,stn_Inland_Port,461234210.9922758,76440329.35200326,0.16572996436572524
35,stn_UTNW_MERGED_17,827934023.1417377,180540884.17893827,0.21806192176261208
35,stn_UTNW_MERGED_23,39813098.22547938,5842675.692913484,0.1467526003583996
35,stn_UTNW_MERGED_24,974769964.427519,138726978.88167712,0.14231765846740188
35,stn_UTNW_MERGED_44,1046769718.4147505,142623530.97141048,0.13625110514985328
36,dwpt_1641,7181706.035260286,1486713.5362951616,0.2070139781544649
36,dwpt_431,6577362.205384718,1465514.2898898623,0.22281185741756523
36,dwpt_461,170031331.7840633,41995423.21772428,0.24698638055166033
36,dwpt_564,20313106.993451197,3350680.378383618,0.164951643264807
36,stn_100_South_Ogden,62765518.87159452,5485672.412117763,0.08739945930089948
36,stn_102_Riverton,26255164.499754917,2440079.4117862973,0.09293712144934665
36,stn_103_Cottonwood_Heights,96580637.33406638,8031838.4339548815,0.08316199453285088
36,stn_109_Hooper,6544920.504759787,645046.1578152705,0.09855675975684675
36,stn_112_Sunset,493146621.46423304,46559996.589455485,0.09441410437165976
36,stn_115_Clearfield,311644846.6618492,30964986.865598902,0.0993598552880854
36,stn_117_Draper,153254948.0169887,16756970.98235837,0.10934048915993771
36,stn_122_West_Bountiful,584293082.6780716,53346517.4751917,0.09130095675731979
36,stn_124_Washington_Terrace,145629183.56125456,13236263.8036074,0.09089018752920469
36,stn_126_Harrisville,86845715.28757891,7151875.436723962,0.0823515059210625
36,stn_131_Millcreek,274182349.7199314,30432887.260587357,0.1109950632915415
36,stn_132_Syracuse,143953603.27222085,10411686.726541467,0.07232668366662998
36,stn_136_Provo,172321753.83573288,18588508.781338215,0.10787093543080964
36,stn_137_Lindon,54406351.98577057,5382469.555645388,0.0989309034550436
36,stn_141_Kaysville,132058484.21985695,11414268.980334163,0.08643343930353745
36,stn_143_Clinton,27666095.225967135,1681963.3851031929,0.06079511298452114
36,stn_147_South_Salt_Lake,116963248.47395375,18371255.176528703,0.15706861271572628
36,stn_14_Taylorsville,75093716.4975766,6730614.933064227,0.08962953555882983
36,stn_151_North_Salt_Lake,734660414.1860124,85848315.0823974,0.11685441793881797
36,stn_157_Farmington,20326542.019178096,1536544.0643404466,0.07559298885618208
36,stn_160_Bountiful,16247214.725939438,1261024.2275646902,0.07761479421770712
36,stn_167_West_Valley_City,3675680095.462386,473646529.3944031,0.1288595626096836
36,stn_172_Santaquin,141881368.15557662,12446240.339943485,0.08772286665783952
36,stn_174_Eagle_Mountain,147758149.22071847,8737231.304259587,0.059131975801944216
36,stn_181_South_Jordan,31026670.578219704,3441228.991672832,0.11091196469171034
36,stn_185_Spanish_Fork,212443913.38730815,27381810.736379083,0.12888959867002212
36,stn_18_Cedar_Fort,581628.7086902148,61787.53830759517,0.10623192663019708
36,stn_190_Sandy,45504807.07521094,6434588.185712542,0.14140458117045462
36,stn_194_Uintah,495080013.8391111,45608355.77638923,0.09212320130380143
36,stn_195_Marriott_Slaterville,612266264.6632928,47457879.01727037,0.07751183064670265
36,stn_198_West_Jordan,21609364.03524653,4033349.2479173546,0.18664821608533472
36,stn_208_Cedar_Hills,2801263.7152418243,186530.13994936855,0.06658785423680326
36,stn_209_Woods_Cross,125455834.09329244,10919514.47345116,0.08703871408109332
36,stn_213_Pleasant_Grove,81078286.93711019,8091271.991040036,0.0997957936298799
36,stn_217_Layton,433585264.89313006,40733714.234183244,0.09394626047594877
36,stn_219_Salt_Lake_City,3898727775.554549,537870228.8473047,0.13796044756441064
36,stn_222_Roy,80062518.92928135,6493866.226479929,0.08110994149729306
36,stn_228_Payson,65936449.7687809,5939900.755632961,0.09008523777762359
36,stn_22_West_Haven,1087921237.3046556,83961154.72619879,0.07717576589847079
36,stn_23_Farr_West,262445197.35176304,25182473.328062236,0.09595326408015546
36,stn_241_Pleasant_View,121444338.04078168,12823994.908357034,0.10559565900923817
36,stn_244_Riverdale,156118946.62645456,13657602.374392144,0.08748203001311979
36,stn_254_Magna_City,387090890.3070207,40275544.75314024,0.1040467387935576
36,stn_256_Kearns,72500620.73046248,6654164.521695168,0.09178079380083566
36,stn_25_Vineyard,75252916.26857351,5916936.657165412,0.07862734031526687
36,stn_27_Midvale,76891327.81021681,9045635.723903645,0.11764181971509302
36,stn_31_Springville,1272841338.8659372,151246492.6691886,0.11882588037558915
36,stn_33_Murray,62125123.751981474,8554976.8994853,0.13770559127799628
36,stn_35_Centerville,59102940.21238368,4225283.835753103,0.07149024770290177
36,stn_47_Lehi,38932831.373792626,5778042.354351682,0.14841053554201897
36,stn_52_Plain_City,82067797.39885539,7649747.159709492,0.09321253161616086
36,stn_53_Holladay,64131193.39847903,5508633.050681831,0.08589631283568905
36,stn_61_Saratoga_Springs,17120220.263591543,1206743.6074924134,0.0704864533816026
36,stn_62_Salem,87062249.788308,7879344.1744550755,0.09050241859834444
36,stn_66_South_Weber,112800581.1006933,11178613.763519619,0.09910067531957875
36,stn_6_Bluffdale,187329405.7811787,18992574.896252953,0.10138597737526783
36,stn_72_Santaquin,282447612.4656949,25897709.59284868,0.09169031158298116
36,stn_88_Orem,30477065.59942111,5038616.5425486835,0.16532485800222146
36,stn_8_Herriman,32621343.864751197,1986505.936679274,0.060895895181859186
36,stn_93_American_Fork,40782955.43158642,3862718.4598271726,0.09471403969991579
36,stn_94_Mapleton,150678207.87046367,14471357.086337494,0.09604147335478236
36,stn_98_Ogden,700138591.000152,58920572.15624217,0.08415558421379658
36,stn_Inland_Port,538885600.044253,88740275.43943703,0.1646736810784139
36,stn_UTNW_MERGED_17,898786703.3005087,194083648.33965105,0.215939607948071
36,stn_UTNW_MERGED_23,14083601.006578326,1996028.7932973742,0.14172716142448558
36,stn_UTNW_MERGED_24,1062941878.7398103,150419627.91121867,0.1415125614295594
36,stn_UTNW_MERGED_44,1169686506.582784,158130251.81891817,0.13519028468652902
37,stn_100_South_Ogden,5951174.775554192,444023.01076777594,0.07461098480785705
37,stn_102_Riverton,19252096.837213345,1938578.7721048668,0.10069442245676276
37,stn_103_Cottonwood_Heights,5828808.255564107,651638.4844713014,0.11179617786350333
37,stn_112_Sunset,87009769.97912112,7943448.280066373,0.0912937510577546
37,stn_115_Clearfield,72085355.54280289,7501571.060163032,0.10406511840964348
37,stn_117_Draper,89295456.62638643,9975044.608818538,0.11170831065408264
37,stn_122_West_Bountiful,151886625.69296703,14277480.642521955,0.09400090743594063
37,stn_126_Harrisville,8362722.831741849,548192.3521587211,0.06555189777161843
37,stn_131_Millcreek,50174492.34217723,4907941.708817142,0.09781746620067888
37,stn_132_Syracuse,33820139.01392741,2495044.275950657,0.0737739213586076
37,stn_136_Provo,90090869.14610977,8420144.981502261,0.0934628010730636
37,stn_137_Lindon,15091884.174375847,1665228.2990812482,0.11033932409238867
37,stn_141_Kaysville,52779484.56995979,5233595.640818595,0.09915965802738005
37,stn_143_Clinton,7894993.303105153,533363.5778989054,0.06755719193442887
37,stn_147_South_Salt_Lake,61376982.497187816,9506954.08066071,0.15489445218484474
37,stn_14_Taylorsville,14002791.02608309,1386763.4104130776,0.09903478583876203
37,stn_151_North_Salt_Lake,207780497.718682,23652384.287217613,0.11383351443907422
37,stn_157_Farmington,8198176.565678683,620379.349920345,0.0756728456566228
37,stn_160_Bountiful,7317571.262369636,555063.0119919062,0.07585344810323871
37,stn_167_West_Valley_City,947916695.1041502,120082032.27912301,0.1266799423402172
37,stn_172_Santaquin,9142329.090210464,815387.9788825244,0.08918821132304629
37,stn_174_Eagle_Mountain,49022440.21058063,3143599.1895281076,0.06412571826340087
37,stn_181_South_Jordan,14553739.114045352,1691206.4019322866,0.11620425436238285
37,stn_185_Spanish_Fork,93259705.61016437,11657552.765870254,0.12500096037832334
37,stn_190_Sandy,14079219.19623672,2032520.681312325,0.14436316765745105
37,stn_194_Uintah,62036364.986307055,5514160.466732526,0.08888593759401661
37,stn_195_Marriott_Slaterville,111281059.58692564,8394148.313399108,0.07543195890260315
37,stn_198_West_Jordan,10176351.77840997,1811909.852355815,0.1780510237666844
37,stn_208_Cedar_Hills,2801263.7152418243,186530.13994936857,0.06658785423680327
37,stn_209_Woods_Cross,12025468.425820488,1028778.4558493426,0.08554996939997785
37,stn_213_Pleasant_Grove,6436961.244124885,458567.4471864613,0.07123974027418652
37,stn_217_Layton,135811817.6643596,11617502.66858314,0.08554117652187097
37,stn_219_Salt_Lake_City,796187461.8283131,106931655.26127747,0.13430462094407586
37,stn_222_Roy,9936771.290249696,743318.6808177293,0.07480484949342643
37,stn_228_Payson,21572193.31964209,2442966.291956326,0.11324607821551165
37,stn_22_West_Haven,240138072.2330687,17262295.973465316,0.0718848777827749
37,stn_23_Farr_West,73049493.92909141,7470766.642196501,0.10226993015787786
37,stn_241_Pleasant_View,6036660.150774298,499979.08718614175,0.08282379241143986
37,stn_244_Riverdale,18388437.376159925,1895169.2705154177,0.10306309512587783
37,stn_254_Magna_City,59985079.45213023,6378612.528033702,0.10633665215237421
37,stn_25_Vineyard,69342793.97320102,5703775.2109953705,0.08225476483107551
37,stn_27_Midvale,49526961.79751413,5797588.14137573,0.11705923260705088
37,stn_31_Springville,300943884.3796526,35691983.881386995,0.11860013023677246
37,stn_33_Murray,10740411.776226955,1410553.9782215946,0.13133146173629426
37,stn_35_Centerville,29877871.81105153,2425746.9034534134,0.08118874459311903
37,stn_47_Lehi,6964979.860952555,1096052.0361035154,0.15736614577283436
37,stn_52_Plain_City,2012151.070918134,193344.9265864165,0.09608867315225701
37,stn_53_Holladay,3136084.1053932044,267596.21827809035,0.0853281383040392
37,stn_61_Saratoga_Springs,14202894.610945363,950410.4192452149,0.06691667052945585
37,stn_62_Salem,6017546.599983223,424896.3977225968,0.07060957329749327
37,stn_6_Bluffdale,94326.71467274384,8177.811960463339,0.08669666900660496
37,stn_88_Orem,30979454.11128904,5067757.80920541,0.1635844773442505
37,stn_8_Herriman,17407429.603327926,1113075.0306567638,0.06394252661196848
37,stn_93_American_Fork,22299245.955101185,2547265.8835613364,0.11423103223715163
37,stn_94_Mapleton,293987.15712503286,40900.04529110638,0.13912187760539338
37,stn_98_Ogden,248395571.52915064,19719318.64025633,0.07938675604746905
37,stn_Inland_Port,89796734.93633819,14341630.273185385,0.1597121575005255
37,stn_UTNW_MERGED_17,258423170.17524347,53616046.39682774,0.20747383588116078
37,stn_UTNW_MERGED_23,8496011.168339074,1278453.391307268,0.15047689627239497
37,stn_UTNW_MERGED_24,197369434.47148663,26493011.384569053,0.13423056845408562
37,stn_UTNW_MERGED_44,174514387.77987668,22005367.352783576,0.1260948603305992
38,dwpt_1641,19214175.6160909,3994444.0592735484,0.20789047311134198
38,dwpt_564,17549590.94043452,3027840.2977426965,0.17253053407452976
38,stn_100_South_Ogden,5394994.545296034,401183.465016536,0.07436216323264555
38,stn_102_Riverton,18611015.43866091,1876144.8313481067,0.1008083001989653
38,stn_103_Cottonwood_Heights,5828808.255564107,651638.4844713013,0.11179617786350331
38,stn_112_Sunset,82738367.4528685,7567359.411299572,0.09146130923613256
38,stn_115_Clearfield,71669304.38016395,7460082.389229953,0.10409034179623898
38,stn_117_Draper,87615594.41277105,9767588.535414334,0.11148230632777159
38,stn_122_West_Bountiful,150759661.97524545,14150974.885516984,0.09386446414187741
38,stn_126_Harrisville,8362395.022432505,548169.8524601896,0.06555177685216963
38,stn_131_Millcreek,49179741.173470184,4877537.139345627,0.0991777716385542
38,stn_132_Syracuse,33611516.752004854,2461946.245874523,0.07324710348656531
38,stn_136_Provo,87999874.90890078,8240139.842977542,0.09363808586668901
38,stn_137_Lindon,15606477.652216783,1723956.8805294856,0.11046418794471606
38,stn_141_Kaysville,52911930.483031146,5237643.8501516245,0.09898795606845864
38,stn_143_Clinton,7909164.143200285,534626.8765426088,0.06759587572882042
38,stn_147_South_Salt_Lake,59354328.89858937,9196873.66625076,0.15494865895904913
38,stn_14_Taylorsville,13659476.685430452,1348494.496754908,0.0987222664388927
38,stn_151_North_Salt_Lake,204640139.49904373,23293272.512032494,0.11382553085164088
38,stn_157_Farmington,8198176.565677733,620379.3499203305,0.0756728456566298
38,stn_160_Bountiful,7067481.25642033,534359.1972692853,0.07560815202500269
38,stn_167_West_Valley_City,912657313.3963183,115468359.59453934,0.12651885642031513
38,stn_172_Santaquin,9142329.090210464,815387.9788825242,0.08918821132304627
38,stn_174_Eagle_Mountain,46277951.96710707,2852191.819689567,0.06163176412207732
38,stn_181_South_Jordan,14770349.79655554,1717514.3996097008,0.11628122713858996
38,stn_185_Spanish_Fork,92126766.8295375,11486143.613511592,0.12467759380685145
38,stn_190_Sandy,13928378.496931473,2015779.273400612,0.1447246191539599
38,stn_194_Uintah,61757831.87229472,5505647.102102739,0.0891489700203131
38,stn_195_Marriott_Slaterville,111072874.43391109,8387785.134197231,0.07551605355444371
38,stn_198_West_Jordan,9493482.562418202,1690324.2893497339,0.1780510237666851
38,stn_208_Cedar_Hills,2801263.7152418243,186530.13994936857,0.06658785423680327
38,stn_209_Woods_Cross,12055994.15989437,1031761.6753042194,0.08558080417262406
38,stn_213_Pleasant_Grove,6439516.013092036,458645.53369994205,0.07122360325954312
38,stn_217_Layton,126322988.59454952,10537208.956252644,0.0834148168396587
38,stn_219_Salt_Lake_City,762094753.822135,102273613.96057722,0.1342006534589619
38,stn_222_Roy,9697018.223965762,723431.599535876,0.07460351036032355
38,stn_228_Payson,21362283.182044253,2415282.0363520235,0.11306291634511018
38,stn_22_West_Haven,237535639.0226947,17048277.75004705,0.07177145215004228
38,stn_23_Farr_West,72924826.93446901,7465982.638594862,0.10237916156186246
38,stn_241_Pleasant_View,6036660.150774306,499979.08718614245,0.08282379241143988
38,stn_244_Riverdale,18532811.144223418,1910528.4389580246,0.10308897145123752
38,stn_254_Magna_City,59802255.82101484,6259826.663711503,0.10467542700139693
38,stn_25_Vineyard,69168772.39334367,5698456.241406999,0.08238481100982181
38,stn_27_Midvale,49839105.80918724,5852818.923396981,0.11743426829937395
38,stn_31_Springville,294290786.9152777,34894974.089402474,0.11857311081725525
38,stn_33_Murray,10732380.014705403,1410308.4874306885,0.13140687205431578
38,stn_35_Centerville,29877871.811051536,2425746.9034534157,0.08118874459311909
38,stn_47_Lehi,6737322.219202055,1054986.6876639607,0.1565884268763547
38,stn_52_Plain_City,1965829.0577495594,191929.0942539189,0.0976326468963865
38,stn_53_Holladay,3136084.1053932044,267596.21827809035,0.0853281383040392
38,stn_61_Saratoga_Springs,14094477.270506289,941069.4264756134,0.0667686646630641
38,stn_62_Salem,6017546.59998325,424896.3977225977,0.07060957329749311
38,stn_6_Bluffdale,114629.16125893808,9937.966452171027,0.08669666900660608
38,stn_88_Orem,30979454.111288864,5067757.809205352,0.16358447734424958
38,stn_8_Herriman,17468832.177648462,1111977.53016729,0.06365494377981809
38,stn_93_American_Fork,21444196.682098407,2425989.5123483287,0.1131303516896738
38,stn_94_Mapleton,340240.9730599865,47334.96301039102,0.1391218776053923
38,stn_98_Ogden,245894614.0963693,19507961.23850929,0.07933464224175267
38,stn_Inland_Port,82729353.56951554,13215364.83198489,0.15974215029832584
38,stn_UTNW_MERGED_17,227547432.10386857,47134927.88995581,0.20714330833863304
38,stn_UTNW_MERGED_23,8222148.68646032,1232669.2561424184,0.149920574675607
38,stn_UTNW_MERGED_24,200189742.4787106,27095280.121763226,0.13534799428919145
38,stn_UTNW_MERGED_44,174202162.66704947,22003663.609882638,0.1263110817512523
39,dwpt_1641,11423554.803357134,2284700.6929499037,0.1999991011798254
39,dwpt_564,14774872.37028625,2463492.6327051716,0.16673529022555228
39,stn_100_South_Ogden,5951174.775554192,428234.1848231306,0.07195792443908726
39,stn_102_Riverton,19060196.382520743,1870023.7719259765,0.09811146403721695
39,stn_103_Cottonwood_Heights,6092085.3041085545,645714.7584280674,0.10599240263306751
39,stn_112_Sunset,80637376.05931866,7079738.957760251,0.08779723874636293
39,stn_115_Clearfield,70380089.25856006,7147964.865534265,0.10156231600210545
39,stn_117_Draper,86299731.6718686,9323646.342619237,0.10803795286490438
39,stn_122_West_Bountiful,138995405.59680262,12720305.425975945,0.0915160135787147
39,stn_126_Harrisville,8546030.925063225,537352.3371286204,0.06287741547397278
39,stn_131_Millcreek,46658459.3329331,4636308.786410146,0.09936694980276996
39,stn_132_Syracuse,34838107.52227308,2542972.641116052,0.0729939948514784
39,stn_136_Provo,92489698.6291584,8245034.701076323,0.08914543806802917
39,stn_137_Lindon,15662914.162954291,1653161.0984346967,0.10554620176267904
39,stn_141_Kaysville,52633229.954449795,5029125.368495531,0.0955503846685425
39,stn_143_Clinton,7711685.209783859,510169.27548087854,0.06615535536041123
39,stn_147_South_Salt_Lake,64700778.35807329,9645506.465459723,0.1490786774168099
39,stn_14_Taylorsville,14090946.228331136,1288204.349963819,0.0914207129237188
39,stn_151_North_Salt_Lake,208102052.99142358,22814178.51319299,0.10962976186560361
39,stn_157_Farmington,8198176.565677733,598104.7372517564,0.0729558252936105
39,stn_160_Bountiful,7109004.069795144,520090.85985871695,0.07315945451044088
39,stn_167_West_Valley_City,951323775.7333153,117157988.56058227,0.12315259173489339
39,stn_172_Santaquin,8353232.379567733,679885.6036352841,0.08139191785186121
39,stn_174_Eagle_Mountain,48952516.233620495,3050079.400858719,0.06230689728598528
39,stn_181_South_Jordan,14707908.197328126,1655952.8916293208,0.1125892866213392
39,stn_185_Spanish_Fork,94852773.65266082,11430016.803225659,0.12050271555664754
39,stn_190_Sandy,14389911.449396636,2006441.2259758224,0.13943388276096388
39,stn_194_Uintah,61036651.8849678,5283604.2357901,0.08656445058205027
39,stn_195_Marriott_Slaterville,110524831.00262067,8058633.049586376,0.07291242136706182
39,stn_198_West_Jordan,10148756.323458588,1727610.5086742514,0.1702287899731048
39,stn_208_Cedar_Hills,2801263.7152418243,180466.5609763582,0.06442326725414321
39,stn_209_Woods_Cross,12055994.159894383,1001796.8417287769,0.08309533236681273
39,stn_213_Pleasant_Grove,6439516.01309205,442891.96714830335,0.06877721341912477
39,stn_217_Layton,132283961.3615825,10967866.622863214,0.08291153749836576
39,stn_219_Salt_Lake_City,806361375.5020273,104715214.5486386,0.12986139680046632
39,stn_222_Roy,10001695.065022554,722277.114986217,0.07221547050680736
39,stn_228_Payson,21064434.622332875,2309665.0165821537,0.10964761494872534
39,stn_22_West_Haven,237224826.96577463,16586248.227750123,0.06991784308538282
39,stn_23_Farr_West,71465067.73722139,7148961.615157661,0.10003435022890551
39,stn_241_Pleasant_View,6073868.1767278565,482244.356537214,0.0793965793306056
39,stn_244_Riverdale,18139918.164092388,1818832.3876223709,0.10026684636442924
39,stn_254_Magna_City,15806140.415149027,2036638.2441734346,0.12885107880108834
39,stn_25_Vineyard,65340295.23172503,5381438.836962167,0.08236018551610841
39,stn_27_Midvale,46570010.7495867,5098667.877077083,0.10948393171934866
39,stn_31_Springville,304219927.57783884,35154652.425665684,0.11555670499813292
39,stn_33_Murray,10732124.517153965,1360771.6463125283,0.12679424694872896
39,stn_35_Centerville,29857127.81638197,2368063.5078982627,0.07931317179809093
39,stn_47_Lehi,7855839.179346912,1175941.4354100032,0.1496901105742549
39,stn_52_Plain_City,2020951.2224887968,162925.81486873113,0.08061838061983918
39,stn_53_Holladay,3136084.105393205,257251.54360720995,0.08202954224499523
39,stn_61_Saratoga_Springs,14158419.99860956,916599.2482589232,0.06473880901604406
39,stn_62_Salem,6042672.375129802,412059.48098515865,0.06819159726102265
39,stn_6_Bluffdale,94326.71467274384,7858.890700109057,0.08331564103949357
39,stn_88_Orem,31543722.727108367,4949541.880260615,0.1569105182378181
39,stn_8_Herriman,17326785.969643466,1074206.392842319,0.061996863972598786
39,stn_93_American_Fork,22252830.47658898,2265444.7845477154,0.1018047922906288
39,stn_94_Mapleton,395691.199054546,52461.95637463812,0.13258307614622036
39,stn_98_Ogden,246158344.5704827,18958505.98900997,0.07701752309916744
39,stn_Inland_Port,99658987.5377556,15404552.628243305,0.15457263824205844
39,stn_UTNW_MERGED_17,272179408.3671314,54111577.07338717,0.19880848958418754
39,stn_UTNW_MERGED_23,8585912.703242611,1246672.190240422,0.14519972812786644
39,stn_UTNW_MERGED_24,202350689.19161892,26390622.163837984,0.13042022376729837
39,stn_UTNW_MERGED_44,185999893.01805386,23158979.96883662,0.12451071660879247
40,dwpt_1641,6717770.226991387,1305223.2470877555,0.19429411887942932
40,dwpt_564,7930613.433877565,1257602.4939991476,0.15857568957112314
40,stn_100_South_Ogden,5951174.775554192,408498.15239232394,0.06864159897812501
40,stn_102_Riverton,18860904.13079451,1770628.1314405876,0.09387822127517491
40,stn_103_Cottonwood_Heights,5591234.080104551,513160.8893616025,0.09177953954523163
40,stn_112_Sunset,70569780.23462602,5846690.978243204,0.08284978299216023
40,stn_115_Clearfield,70076396.0629655,6628180.603852469,0.09458506681617691
40,stn_117_Draper,83467368.06513284,8660549.103011128,0.10375970039276862
40,stn_122_West_Bountiful,104920327.24790283,9749986.729803827,0.0929275287787354
40,stn_126_Harrisville,8362722.831741849,511195.99162816734,0.061127936667690765
40,stn_131_Millcreek,46275029.719716236,4338754.633761644,0.09376016957830384
40,stn_132_Syracuse,34842501.72056787,2432703.604772297,0.0698200038643106
40,stn_136_Provo,96933234.33383556,8216197.056043724,0.08476140420268402
40,stn_137_Lindon,16928807.105060343,1574924.625587946,0.0930322270089055
40,stn_141_Kaysville,52354877.277131714,4770617.518913315,0.09112078505429122
40,stn_143_Clinton,7903337.763213581,494037.7725943669,0.06251001632422779
40,stn_147_South_Salt_Lake,71444489.72253996,10183230.87725336,0.14253346782656998
40,stn_14_Taylorsville,14339399.41706132,1184764.67397159,0.0826230331907717
40,stn_151_North_Salt_Lake,219318168.36938447,22789411.182275128,0.10391027497499562
40,stn_157_Farmington,8212453.890417372,571254.5956978353,0.06955954983983516
40,stn_160_Bountiful,7612326.190230894,546749.7829172945,0.07182427148470771
40,stn_167_West_Valley_City,976518982.1600214,114930879.92040023,0.11769446577083188
40,stn_172_Santaquin,7202720.987094785,479403.477980783,0.06655866287750654
40,stn_174_Eagle_Mountain,50956840.7216503,3180424.699465492,0.06241408718484794
40,stn_181_South_Jordan,14629223.327429548,1530766.0095312393,0.10463754467819755
40,stn_185_Spanish_Fork,95575941.91494265,11199192.849006034,0.11717585644065849
40,stn_190_Sandy,14345481.603208127,1900861.7376600145,0.13250595485305414
40,stn_194_Uintah,51975766.0536223,4756551.113576104,0.09151478611529978
40,stn_195_Marriott_Slaterville,110136485.57873425,7656261.850287896,0.06951612637770792
40,stn_198_West_Jordan,11401179.946060255,1832554.164955236,0.16073372875659997
40,stn_208_Cedar_Hills,2797231.0155492607,172521.56930101055,0.061675838835618814
40,stn_209_Woods_Cross,12370544.059360374,973881.3969823748,0.07872583390909728
40,stn_213_Pleasant_Grove,6430132.67637192,422913.20727190294,0.06577052582848472
40,stn_217_Layton,137132280.10764712,11051461.145051196,0.08058978627334087
40,stn_219_Salt_Lake_City,847560541.0471605,105239042.3784805,0.12416699136141676
40,stn_222_Roy,9891446.3456695,691073.3921539928,0.06986575754480501
40,stn_228_Payson,20654127.608827088,2175924.2174866134,0.10535057489219127
40,stn_22_West_Haven,235768621.55800676,15832043.432148445,0.06715076555788933
40,stn_23_Farr_West,72485660.6050152,6921465.795470314,0.09548737967894612
40,stn_241_Pleasant_View,6083552.557714279,458950.3671893015,0.07544117731132728
40,stn_244_Riverdale,18917325.795060385,1531543.0720932088,0.08095980841505193
40,stn_254_Magna_City,49850830.633374415,4885957.518767322,0.09801155681238026
40,stn_25_Vineyard,27827772.78118793,2280639.8448678395,0.08195552920460787
40,stn_27_Midvale,44945518.361014925,4563550.565673594,0.1015351637290705
40,stn_31_Springville,307464426.78483105,34164326.57973942,0.11111635559598643
40,stn_33_Murray,11559778.09808929,1420837.5948812943,0.12291218592821809
40,stn_35_Centerville,26382778.89068669,1717985.3185890578,0.0651176786837841
40,stn_47_Lehi,9591676.131979562,1363412.8538423781,0.1421454222475913
40,stn_52_Plain_City,2066657.2590149634,156618.66098378328,0.0757835680302562
40,stn_53_Holladay,3136084.1053932044,244320.70026860945,0.0779062971711903
40,stn_61_Saratoga_Springs,14854281.893054226,960497.4681228239,0.06466131954665184
40,stn_62_Salem,5988013.149072758,392873.5625101848,0.065610003306526
40,stn_6_Bluffdale,114629.16125893808,9065.94655202929,0.0790893560806054
40,stn_88_Orem,54360145.2878483,8217632.326789419,0.15117016857249632
40,stn_8_Herriman,17019722.552235156,1017286.8640189943,0.0597710603622852
40,stn_93_American_Fork,25372800.62015959,2322770.3954665973,0.09154568430341402
40,stn_94_Mapleton,540225.5529293937,67209.23107795203,0.12440957432225745
40,stn_98_Ogden,244532300.59771314,18072118.15117187,0.07390483018806915
40,stn_Inland_Port,98583189.3210462,14531145.146377522,0.14739982796717366
40,stn_UTNW_MERGED_17,299366098.5184734,56384938.47087909,0.188347774680972
40,stn_UTNW_MERGED_23,9155938.380262379,1275389.0382147718,0.139296376323824
40,stn_UTNW_MERGED_24,199056058.17815152,24746923.29365977,0.12432137720476574
40,stn_UTNW_MERGED_44,178474635.83402222,21053839.105319988,0.11796544089827772
41,stn_100_South_Ogden,5951174.775554193,408498.1523923241,0.06864159897812502
41,stn_102_Riverton,18999910.524939056,1774876.8618776142,0.0934150115890247
41,stn_103_Cottonwood_Heights,5591488.688830795,513202.1375469322,0.09178273731860934
41,stn_112_Sunset,70549459.54184839,5846069.87626835,0.0828648428242117
41,stn_115_Clearfield,70352362.04019004,6645065.578709624,0.09445405080945984
41,stn_117_Draper,83490444.89507917,8665295.324413773,0.10378786860344656
41,stn_122_West_Bountiful,105156982.49532807,9766540.376576198,0.09287581428090244
41,stn_126_Harrisville,8362722.831741849,511195.99162816687,0.06112793666769071
41,stn_131_Millcreek,46804171.25543049,4354927.844800746,0.0930457206695111
41,stn_132_Syracuse,34866308.479832865,2433431.2583694947,0.06979320049832702
41,stn_136_Provo,97163965.799262,8232696.050939552,0.08472993031128503
41,stn_137_Lindon,16928807.105056744,1574924.6255876804,0.09303222700890958
41,stn_141_Kaysville,52599654.967572555,4778099.149021621,0.09083898272654635
41,stn_143_Clinton,7906373.69570551,494130.56587100186,0.06249774990263841
41,stn_147_South_Salt_Lake,72439789.58631212,10353187.878724117,0.14292128590998016
41,stn_14_Taylorsville,14232311.051536705,1181491.5180793302,0.08301473413565964
41,stn_151_North_Salt_Lake,221016090.27477288,22994945.90323147,0.10404195402535428
41,stn_157_Farmington,8212453.890417372,571254.5956978344,0.06955954983983505
41,stn_160_Bountiful,7721250.71915921,555230.5658687368,0.07190940769362784
41,stn_167_West_Valley_City,989353480.4593086,116466820.07366751,0.11772012973522632
41,stn_172_Santaquin,7202720.987094785,479403.477980783,0.06655866287750654
41,stn_174_Eagle_Mountain,51161298.706701614,3195623.492105431,0.06246173519607774
41,stn_181_South_Jordan,14718000.473365083,1534159.1243499387,0.10423692587361175
41,stn_185_Spanish_Fork,96380756.34662323,11214857.353725614,0.11635992265294705
41,stn_190_Sandy,14345943.435231138,1900907.8703280208,0.1325049048820116
41,stn_194_Uintah,52303266.97885695,4766668.326134816,0.09113519291369872
41,stn_195_Marriott_Slaterville,110192426.47321318,7657971.683727586,0.0694963522342361
41,stn_198_West_Jordan,11569733.438748747,1859363.8289534606,0.16070930577589423
41,stn_208_Cedar_Hills,2797231.0155492607,172521.56930101058,0.06167583883561883
41,stn_209_Woods_Cross,12430201.75488922,977347.1309863939,0.07862681155613344
41,stn_213_Pleasant_Grove,6430132.67637192,422913.20727190294,0.06577052582848472
41,stn_217_Layton,137143845.9689473,11051814.655601813,0.08058556749315761
41,stn_219_Salt_Lake_City,854079297.3533094,106084954.73466995,0.12420972509626994
41,stn_222_Roy,9877462.653501606,690645.9806028812,0.06992139629685605
41,stn_228_Payson,20808004.028676145,2194858.8608578783,0.10548147039154147
41,stn_22_West_Haven,236585338.34622273,15873351.931413218,0.0670935572016889
41,stn_23_Farr_West,73517097.02350657,7090623.351455448,0.09644863084281295
41,stn_241_Pleasant_View,6083552.557713666,458950.3671892939,0.07544117731133364
41,stn_244_Riverdale,18899851.721099377,1530110.1892989213,0.08095884623215006
41,stn_254_Magna_City,51741273.02994009,5110093.3244348,0.09876241973168778
41,stn_25_Vineyard,27795684.01089382,2279659.0516035734,0.0820148570803337
41,stn_27_Midvale,45182846.14931887,4605600.515368086,0.10193250111220618
41,stn_31_Springville,308715529.37955993,34299351.070387445,0.11110341983547267
41,stn_33_Murray,11576121.79329228,1420358.3244829369,0.12269725127684435
41,stn_35_Centerville,26382778.89068675,1717985.3185891027,0.06511767868378565
41,stn_47_Lehi,9591676.131980276,1363412.853842391,0.14214542224758206
41,stn_52_Plain_City,2066657.2590150952,156618.66098379943,0.07578356803025918
41,stn_53_Holladay,3136084.105393205,244320.70026860945,0.07790629717119028
41,stn_61_Saratoga_Springs,14854281.893054299,960497.4681228276,0.06466131954665179
41,stn_62_Salem,5988013.149072644,392873.5625101813,0.06561000330652665
41,stn_6_Bluffdale,114629.16125893808,9065.94655202929,0.0790893560806054
41,stn_88_Orem,55764177.0682756,8435306.95958315,0.15126748753514774
41,stn_8_Herriman,17272631.08602699,1025823.6387681478,0.05939012033887568
41,stn_93_American_Fork,21646342.036075298,1944612.7774318992,0.0898356301582527
41,stn_94_Mapleton,540225.5529293955,67209.23107795208,0.12440957432225713
41,stn_98_Ogden,244903893.62423348,18097469.765350636,0.07389621086677518
41,stn_Inland_Port,99346771.96795188,14620907.410326216,0.14717043262404894
41,stn_UTNW_MERGED_17,302213524.85686314,56921651.26093595,0.18834911934499174
41,stn_UTNW_MERGED_23,9152182.133742774,1274857.3965442495,0.1392954574017965
41,stn_UTNW_MERGED_24,199001362.5434535,24735514.33799333,0.1242982159611703
41,stn_UTNW_MERGED_44,178828749.4920359,21086412.664973166,0.11791399718931796
42,stn_100_South_Ogden,5951174.775554179,408498.1523923241,0.06864159897812519
42,stn_102_Riverton,19000514.44318518,1774895.3206388073,0.09341301394475664
42,stn_103_Cottonwood_Heights,5591478.878516072,513200.54821537324,0.09178261411077207
42,stn_112_Sunset,70548856.11988348,5846051.432676094,0.0828652901578151
42,stn_115_Clearfield,70369944.68711142,6645328.41702492,0.09443418559688085
42,stn_117_Draper,83559015.4532867,8673269.685863873,0.10379813164161353
42,stn_122_West_Bountiful,105134250.0470788,9772095.635869179,0.09294873584481997
42,stn_126_Harrisville,8362722.831741854,511195.991628167,0.06112793666769069
42,stn_131_Millcreek,46804171.25542847,4354927.844800665,0.09304572066951339
42,stn_132_Syracuse,34866308.47983306,2433431.2583694947,0.06979320049832663
42,stn_136_Provo,97163965.79926197,8232696.050939673,0.0847299303112863
42,stn_137_Lindon,16928807.105056744,1574924.6255876797,0.09303222700890953
42,stn_141_Kaysville,52600430.69288053,4778122.859065641,0.09083809383546282
42,stn_143_Clinton,7906373.695705504,494130.5658709979,0.06249774990263795
42,stn_147_South_Salt_Lake,72546912.70222986,10369619.863846071,0.14293674916820193
42,stn_14_Taylorsville,14339399.417061351,1184764.6739715908,0.08262303319077159
42,stn_151_North_Salt_Lake,220404484.7396414,22926964.526170768,0.10402222329211608
42,stn_157_Farmington,8212453.890417372,571254.5956978353,0.06955954983983516
42,stn_160_Bountiful,7721250.719159208,555230.5658687366,0.07190940769362783
42,stn_167_West_Valley_City,988923685.3336526,116422545.01899116,0.11772652101027532
42,stn_172_Santaquin,7202720.987094785,479403.4779807832,0.06655866287750657
42,stn_174_Eagle_Mountain,51062167.40375131,3183644.0095039094,0.06234839160528899
42,stn_181_South_Jordan,14709831.6378625,1533225.916431252,0.10423137083940455
42,stn_185_Spanish_Fork,95797970.18012598,11228105.142859157,0.11720608611797616
42,stn_190_Sandy,14345925.640405852,1900906.0927927261,0.13250494533714513
42,stn_194_Uintah,52054530.77527704,4759065.704072397,0.0914246201664483
42,stn_195_Marriott_Slaterville,110235748.1294601,7659295.8101508245,0.06948105256341891
42,stn_198_West_Jordan,11569733.438748747,1859363.82895346,0.16070930577589418
42,stn_208_Cedar_Hills,2797231.0155492607,172521.56930101058,0.06167583883561883
42,stn_209_Woods_Cross,12430201.754889218,977347.1309863939,0.07862681155613345
42,stn_213_Pleasant_Grove,6430132.676371909,422913.2072719029,0.06577052582848482
42,stn_217_Layton,137308511.93676996,11056847.670908326,0.08052558078846533
42,stn_219_Salt_Lake_City,853832425.0434544,106045166.01568948,0.12419903824839222
42,stn_222_Roy,9877462.65350161,690645.9806028814,0.06992139629685605
42,stn_228_Payson,20550847.588932987,2163215.51042148,0.10526162004074283
42,stn_22_West_Haven,236693692.91734806,15876663.788879704,0.06707683501488032
42,stn_23_Farr_West,73608908.65795279,7105077.499292551,0.09652469556787689
42,stn_241_Pleasant_View,6083552.557713623,458950.36718929466,0.07544117731133429
42,stn_244_Riverdale,18899851.721099366,1530110.1892989178,0.08095884623214993
42,stn_254_Magna_City,51794446.74799976,5111718.579127235,0.09869240623416146
42,stn_25_Vineyard,27818407.878896136,2280353.6066292794,0.08197282952196638
42,stn_27_Midvale,45183953.81388149,4609207.075320111,0.10200982176783438
42,stn_31_Springville,308667500.1594725,34298888.55752865,0.11111920931036857
42,stn_33_Murray,11576476.185180094,1420406.8711549398,0.12269768869505454
42,stn_35_Centerville,26382778.890686467,1717985.3185891095,0.06511767868378661
42,stn_47_Lehi,9591676.131980276,1363412.853842391,0.14214542224758206
42,stn_52_Plain_City,2066657.2590150947,156618.6609837989,0.07578356803025894
42,stn_53_Holladay,3136084.1053932044,244320.7002686094,0.07790629717119028
42,stn_61_Saratoga_Springs,14854281.89305322,960497.4681227959,0.06466131954665434
42,stn_62_Salem,5988013.149072758,392873.5625101848,0.065610003306526
42,stn_6_Bluffdale,114629.16125893808,9065.94655202929,0.0790893560806054
42,stn_88_Orem,54286941.2593553,8213082.362056843,0.151290202975683
42,stn_8_Herriman,17101764.69540163,1020601.1075386833,0.05967811659887388
42,stn_93_American_Fork,25372800.620159622,2322770.3954665978,0.09154568430341392
42,stn_94_Mapleton,540225.5529293937,67209.23107795203,0.12440957432225745
42,stn_98_Ogden,244877022.85504222,18096648.460290298,0.07390096567370806
42,stn_Inland_Port,99359724.00222951,14621303.289253935,0.14715523252586582
42,stn_UTNW_MERGED_17,301241253.78551465,56737588.1811934,0.18834600994454384
42,stn_UTNW_MERGED_23,9144640.695856689,1273790.0164842075,0.139293610197429
42,stn_UTNW_MERGED_24,199029353.01761532,24739268.940231334,0.12429959985872917
42,stn_UTNW_MERGED_44,179161461.66772944,21136172.764463793,0.1179727636050585
43,stn_100_South_Ogden,5951174.775554183,428234.1848231284,0.071957924439087
43,stn_102_Riverton,19188769.810595714,1873953.6187550887,0.0976588722076557
43,stn_103_Cottonwood_Heights,6092085.3041085545,645714.7584280674,0.10599240263306751
43,stn_112_Sunset,79075027.15388323,6940614.5927802995,0.08777252240803636
43,stn_115_Clearfield,70726698.64633322,7177404.050399825,0.10148082955617968
43,stn_117_Draper,86438630.08924866,9319569.254591564,0.10781717902017912
43,stn_122_West_Bountiful,135670906.25323898,12365793.752885342,0.0911455086015549
43,stn_126_Harrisville,8362722.831741849,531749.5252562526,0.06358569283653945
43,stn_131_Millcreek,49887900.78200823,4699182.037780217,0.09419482407796458
43,stn_132_Syracuse,34866308.47983319,2543834.60338388,0.0729596769573482
43,stn_136_Provo,92119056.42858844,8233948.931925159,0.08938377411961654
43,stn_137_Lindon,15663041.265004812,1653164.9833090163,0.1055455933071315
43,stn_141_Kaysville,52510250.5347615,5025366.502532758,0.09570258095047542
43,stn_143_Clinton,7894993.303105229,515772.08735324716,0.06532900884797276
43,stn_147_South_Salt_Lake,62095595.24475843,9246218.195009181,0.14890296418874682
43,stn_14_Taylorsville,14134696.581675261,1294844.2035910948,0.09160749904386192
43,stn_151_North_Salt_Lake,209515563.02161017,22965304.780853137,0.1096114505750793
43,stn_157_Farmington,8212453.890417372,599146.3512611112,0.07295582529360922
43,stn_160_Bountiful,7317571.262370876,536755.5156866484,0.07335159391570324
43,stn_167_West_Valley_City,966798302.1003946,118717715.32967645,0.12279470813277092
43,stn_172_Santaquin,8318653.42748144,674999.0312093629,0.08114282402719666
43,stn_174_Eagle_Mountain,49456415.533639185,3102795.8073511873,0.06273798401828642
43,stn_181_South_Jordan,14708667.972296812,1666454.9315908817,0.11329747430083968
43,stn_185_Spanish_Fork,95573874.56979604,11561139.9562804,0.12096548359392385
43,stn_190_Sandy,14098263.781012172,1965133.9035824877,0.13938836257477108
43,stn_194_Uintah,61602717.926084094,5300906.044336814,0.08604987284322858
43,stn_195_Marriott_Slaterville,110060039.06574364,8044426.68403573,0.07309125775641824
43,stn_198_West_Jordan,11356587.233769689,1933218.1030286741,0.17022878997310925
43,stn_208_Cedar_Hills,2801263.7152418243,180466.56097635822,0.06442326725414323
43,stn_209_Woods_Cross,12055827.593896832,1001773.8196383918,0.08309457080702878
43,stn_213_Pleasant_Grove,6439516.01309205,442891.9671483034,0.06877721341912477
43,stn_217_Layton,130917922.28515325,10798254.47234479,0.08248110177631016
43,stn_219_Salt_Lake_City,806277789.0627614,104579355.73913535,0.12970635822760435
43,stn_222_Roy,10012764.944980267,722615.4658671245,0.0721694227156901
43,stn_228_Payson,21214700.9285227,2328882.51405516,0.10977682513186074
43,stn_22_West_Haven,238214161.18452984,16618925.42571345,0.06976464095616797
43,stn_23_Farr_West,74096679.4425821,7341436.098108915,0.0990791510947239
43,stn_241_Pleasant_View,6036660.150774226,481107.0932239413,0.07969756143423734
43,stn_244_Riverdale,18252588.606439687,1830489.3366996644,0.10028656078151295
43,stn_254_Magna_City,58431545.2025973,5957701.151005851,0.10196035600888113
43,stn_25_Vineyard,64949960.28125316,5369508.249200994,0.08267146316871302
43,stn_27_Midvale,47012805.54249399,5176573.497556813,0.11010986129891366
43,stn_31_Springville,303253111.12525237,35016825.10632625,0.11547062114677954
43,stn_33_Murray,11004597.861980956,1400631.6313722462,0.12727694813921317
43,stn_35_Centerville,29866772.924065996,2368358.3106148695,0.07929742917442875
43,stn_47_Lehi,7855839.179346911,1175941.4354100004,0.14969011057425458
43,stn_52_Plain_City,2066657.2590150947,164322.81987515735,0.07951140381810022
43,stn_53_Holladay,3136084.1053932086,257251.5436072101,0.08202954224499517
43,stn_61_Saratoga_Springs,14158419.998609595,916599.2482589232,0.06473880901604391
43,stn_62_Salem,6042672.375129807,412059.4809851605,0.0681915972610229
43,stn_6_Bluffdale,94326.71467269314,7858.890700086878,0.08331564103930322
43,stn_88_Orem,31795417.111667868,4986021.9474972095,0.15681574265831866
43,stn_8_Herriman,17614421.540747415,1084770.2747351252,0.061584212244820406
43,stn_93_American_Fork,22310420.073817376,2271553.1947863754,0.10181579671160831
43,stn_94_Mapleton,360166.1775065382,47751.93973764264,0.13258307614622084
43,stn_98_Ogden,247958967.06891763,19105313.847357012,0.0770503042225002
43,stn_Inland_Port,94783374.2936261,14591137.285585297,0.15394194809296327
43,stn_UTNW_MERGED_17,272366119.83092326,54136772.58637822,0.19876470913483918
43,stn_UTNW_MERGED_23,8632670.635040008,1253578.00697324,0.14521323237851416
43,stn_UTNW_MERGED_24,198099442.05536148,25831286.90580684,0.1303955560792945
43,stn_UTNW_MERGED_44,178384214.3523421,21881903.773108374,0.12266726544473006
44,stn_100_South_Ogden,5951174.775554193,428234.1848231307,0.07195792443908726
44,stn_102_Riverton,19188769.810595643,1873953.6187550745,0.09765887220765533
44,stn_103_Cottonwood_Heights,6092085.3041085545,645714.7584280676,0.10599240263306753
44,stn_112_Sunset,79388317.8653514,6969392.329768499,0.08778863839373845
44,stn_115_Clearfield,70707568.18621606,7176819.327886357,0.10150001636296449
44,stn_117_Draper,86359820.69158739,9310615.28513233,0.10781188764139374
44,stn_122_West_Bountiful,135966332.9637297,12392176.18432957,0.09114150476967926
44,stn_126_Harrisville,8362722.831741854,531749.5252562526,0.06358569283653942
44,stn_131_Millcreek,49886269.888316475,4699132.189514507,0.09419690427916838
44,stn_132_Syracuse,34866308.47983311,2543834.6033838806,0.07295967695734838
44,stn_136_Provo,92119209.68224385,8233953.616123096,0.08938367626606121
44,stn_137_Lindon,15663041.265004812,1653164.9833090166,0.10554559330713151
44,stn_141_Kaysville,52510981.45943895,5025388.84324546,0.09570167427030897
44,stn_143_Clinton,7894993.303105233,515772.0873532472,0.06532900884797273
44,stn_147_South_Salt_Lake,62095595.24475834,9246218.195009181,0.14890296418874704
44,stn_14_Taylorsville,14134696.581675258,1294844.2035910946,0.09160749904386192
44,stn_151_North_Salt_Lake,209363606.9474638,22951449.262671247,0.10962482733892963
44,stn_157_Farmington,8212453.890417373,599146.3512611114,0.07295582529360925
44,stn_160_Bountiful,7317571.262370894,536755.5156866491,0.07335159391570316
44,stn_167_West_Valley_City,966499733.9424782,118674710.96042876,0.12278814653816734
44,stn_172_Santaquin,8318367.313770094,674958.5986545922,0.0811407543325571
44,stn_174_Eagle_Mountain,49456415.53363861,3102795.807351183,0.06273798401828706
44,stn_181_South_Jordan,14708667.97229681,1666454.9315908744,0.1132974743008392
44,stn_185_Spanish_Fork,95583486.39575875,11562374.05281229,0.12096623055722037
44,stn_190_Sandy,14098263.781012524,1965133.903582563,0.13938836257477294
44,stn_194_Uintah,61611768.778367184,5301182.683636846,0.08604172204025687
44,stn_195_Marriott_Slaterville,110075850.49401832,8044909.960340645,0.07308514923332632
44,stn_198_West_Jordan,11356587.233769689,1933218.1030286741,0.17022878997310925
44,stn_208_Cedar_Hills,2801263.7152418243,180466.5609763582,0.06442326725414321
44,stn_209_Woods_Cross,12055827.59389683,1001773.8196383917,0.0830945708070288
44,stn_213_Pleasant_Grove,6439516.01309205,442891.9671483034,0.06877721341912477
44,stn_217_Layton,130601992.7106397,10744761.185431398,0.08227103555178802
44,stn_219_Salt_Lake_City,806501764.7238467,104609289.86658162,0.12970745315405574
44,stn_222_Roy,10012764.944980267,722615.4658671247,0.07216942271569013
44,stn_228_Payson,21216460.10821954,2329107.494839209,0.10977832696684786
44,stn_22_West_Haven,238209042.4707469,16618768.972226609,0.06976548329086821
44,stn_23_Farr_West,74083402.68544427,7339239.328582106,0.09906725477694753
44,stn_241_Pleasant_View,6036660.150774245,481107.09322394186,0.07969756143423717
44,stn_244_Riverdale,18252588.606439676,1830489.3366996592,0.10028656078151273
44,stn_254_Magna_City,58429890.3473322,5957650.570354704,0.10196237807293299
44,stn_25_Vineyard,64950187.230959035,5369515.185918743,0.0826712810976982
44,stn_27_Midvale,47012805.54249386,5176573.497556816,0.11010986129891404
44,stn_31_Springville,303247334.50407654,35014883.765128516,0.1154664189295877
44,stn_33_Murray,11004597.861973602,1400631.631371147,0.12727694813919832
44,stn_35_Centerville,29866772.924066,2368358.3106146376,0.07929742917442097
44,stn_47_Lehi,7855839.179347003,1175941.4354100171,0.14969011057425496
44,stn_52_Plain_City,2066657.2590150947,164322.81987515735,0.07951140381810022
44,stn_53_Holladay,3136084.1053932044,257251.54360720995,0.08202954224499524
44,stn_61_Saratoga_Springs,14158419.998609662,916599.2482589224,0.06473880901604354
44,stn_62_Salem,6042672.375129807,412059.48098516045,0.06819159726102289
44,stn_6_Bluffdale,94326.71467274212,7858.890700109016,0.08331564103949465
44,stn_88_Orem,31797264.738782737,4986316.6103052,0.1568158975706942
44,stn_8_Herriman,17439275.732560426,1079416.943107891,0.06189574381764829
44,stn_93_American_Fork,22310420.073817376,2271553.194786376,0.10181579671160834
44,stn_94_Mapleton,359750.28323036595,47696.799195156054,0.13258307614622064
44,stn_98_Ogden,247961960.99912953,19105405.356833983,0.07704974295190807
44,stn_Inland_Port,94776725.7961419,14590934.074259723,0.1539506028689343
44,stn_UTNW_MERGED_17,272330978.2915701,54130339.56206934,0.1987667356157877
44,stn_UTNW_MERGED_23,8632670.635040008,1253578.0069732391,0.14521323237851405
44,stn_UTNW_MERGED_24,198051054.13427338,25824567.049534347,0.13039348445995128
44,stn_UTNW_MERGED_44,178732738.07896176,21926710.261382822,0.122678757663836
45,dwpt_431,4488083.020805471,922711.9782300775,0.20559155745396163
45,dwpt_461,6013460.273896298,1409270.2797176207,0.23435263816992224
45,dwpt_564,16895407.991137505,2689368.5592675935,0.1591774854255253
45,stn_100_South_Ogden,61687429.924010545,5252720.623434863,0.08515058302648383
45,stn_102_Riverton,46980968.04357734,4834621.669866141,0.102905961098583
45,stn_103_Cottonwood_Heights,104758363.7618048,9003056.351267643,0.08594117002188405
45,stn_109_Hooper,6424873.939443057,625859.3793018536,0.09741193137808186
45,stn_112_Sunset,468696874.09982127,42282639.616426006,0.09021318884968883
45,stn_115_Clearfield,325580691.06104213,30188061.904234506,0.092720676419274
45,stn_117_Draper,149788126.42438844,15491458.587054433,0.10342247384257368
45,stn_122_West_Bountiful,546361255.2773379,47971646.276740134,0.08780206468408762
45,stn_124_Washington_Terrace,138224652.6889615,12211226.66776023,0.0883433340595068
45,stn_126_Harrisville,91894789.19235127,7375583.649760939,0.08026117383350867
45,stn_131_Millcreek,278739797.30346125,29503394.630277574,0.10584564857869047
45,stn_132_Syracuse,147327237.30582413,10368102.412930597,0.0703746476383612
45,stn_136_Provo,175787926.41170177,17766388.29633401,0.10106717030568116
45,stn_137_Lindon,55458153.459831186,5186388.687908066,0.09351895734618376
45,stn_141_Kaysville,132646609.45501816,11075929.969674375,0.08349953319711755
45,stn_143_Clinton,28487067.69304131,1706155.1857895635,0.0598922712640703
45,stn_147_South_Salt_Lake,138906780.51746807,21055484.99415546,0.15157996546833544
45,stn_14_Taylorsville,75865883.44232462,6607531.278221482,0.08709489665726641
45,stn_151_North_Salt_Lake,741400873.8347476,83640012.9602292,0.11281348041528193
45,stn_157_Farmington,20326542.019178096,1481414.2081509524,0.07288077857774518
45,stn_160_Bountiful,16281734.814776087,1221535.1924009062,0.07502487949210007
45,stn_167_West_Valley_City,3830547079.7169247,478580009.3066831,0.1249377698138225
45,stn_172_Santaquin,149317337.3918883,12766447.92705468,0.08549876491266863
45,stn_174_Eagle_Mountain,150274196.6030578,8681502.74729079,0.0577710807546193
45,stn_181_South_Jordan,41203785.321263544,4636280.198552982,0.1125207347432808
45,stn_185_Spanish_Fork,210967229.9301302,26312119.68904807,0.12472135932088754
45,stn_18_Cedar_Fort,581628.7086902148,59356.305850390156,0.10205188458467981
45,stn_190_Sandy,47353962.13346176,6459567.769555908,0.1364102913152304
45,stn_194_Uintah,464617683.1941624,42435913.87433388,0.0913351243598708
45,stn_195_Marriott_Slaterville,637871558.5631883,48529196.088067055,0.07607988698756145
45,stn_198_West_Jordan,24469670.32101129,4414528.78052537,0.1804081837888417
45,stn_208_Cedar_Hills,2801263.7152418243,180466.56097635825,0.06442326725414324
45,stn_209_Woods_Cross,141174875.95039076,12140724.083824012,0.08599776696875085
45,stn_213_Pleasant_Grove,81860422.65532099,7813094.397722919,0.09544410038805318
45,stn_217_Layton,460875467.66817826,42326889.26719749,0.09184018728823305
45,stn_219_Salt_Lake_City,4058516767.105579,542074131.366749,0.1335645908279298
45,stn_222_Roy,84101107.45782563,6723114.577995181,0.0799408566809496
45,stn_228_Payson,66845823.28771104,5751865.622731397,0.08604674667517816
45,stn_22_West_Haven,1096728022.86939,81887556.6504447,0.07466532717583048
45,stn_23_Farr_West,283561537.1632768,26936740.87188846,0.09499433929354843
45,stn_241_Pleasant_View,149052654.04942718,15776875.554124733,0.10584766607975314
45,stn_244_Riverdale,168278753.0538736,13652267.595172962,0.08112888494486441
45,stn_254_Magna_City,386873053.8177538,38587791.87432358,0.09974277477723047
45,stn_256_Kearns,71627344.5991741,6315995.991783917,0.08817855844200517
45,stn_25_Vineyard,76774792.45281895,5765344.150906074,0.07509423297300477
45,stn_27_Midvale,80875849.99147145,8936550.204829905,0.11049714105968945
45,stn_31_Springville,1297534210.7010772,149541472.7692134,0.11525050479278993
45,stn_33_Murray,67224127.48807822,9035263.802246086,0.13440507359278756
45,stn_35_Centerville,73797936.04867297,5658338.685511145,0.07667340021242901
45,stn_47_Lehi,38754504.64978027,5715043.033122342,0.14746783850725195
45,stn_52_Plain_City,68366988.2859748,6174588.794704428,0.09031535466907673
45,stn_53_Holladay,30125325.323572174,2603151.00861929,0.08641071857844473
45,stn_61_Saratoga_Springs,17623661.052911244,1213454.1988602648,0.06885369590445085
45,stn_62_Salem,87864513.51871403,7706877.301644482,0.08771319606752292
45,stn_66_South_Weber,113798071.07759628,11037600.804897957,0.09699286376630822
45,stn_6_Bluffdale,169963555.5548521,16510592.46701821,0.09714195736326409
45,stn_72_Santaquin,261983334.99025148,23130747.523263007,0.08829091180217136
45,stn_88_Orem,30109349.628235478,4827377.303889085,0.16032818255769105
45,stn_8_Herriman,34408582.5093674,2134686.7243243554,0.06203936833908249
45,stn_93_American_Fork,38879219.36660371,3658499.2898207093,0.09409909327971924
45,stn_94_Mapleton,133787677.93840073,12325056.604423545,0.09212400420088251
45,stn_98_Ogden,716148612.758952,58694798.7919898,0.0819589645867901
45,stn_Inland_Port,571479073.9265879,90932812.39325929,0.15911835890764478
45,stn_UTNW_MERGED_17,1068462071.4642054,221804378.86115226,0.20759218767325513
45,stn_UTNW_MERGED_23,48185627.59176988,6384026.99119127,0.13248819845778378
45,stn_UTNW_MERGED_24,1083794824.9800413,148238862.85524094,0.13677760719882645
45,stn_UTNW_MERGED_44,1197885462.7675939,157306088.55985478,0.1313198076520729
46,dwpt_1203,83369818.46271458,23156651.180667464,0.2777582056391762
46,dwpt_1641,68615757.58035152,13719652.495255265,0.19994900557920767
46,dwpt_356,209079067.9044759,50334752.80375204,0.24074506026949097
46,dwpt_362,12195156.894078894,2597347.8636691775,0.21298191456071108
46,dwpt_366,15569516.306062832,3273698.583191729,0.21026334529846233
46,dwpt_431,20666002.88530166,5448859.216929964,0.26366294668454593
46,dwpt_434,11588504.531192172,2828803.451360824,0.2441042710685129
46,dwpt_445,137411859.6992029,38664116.55998932,0.28137394140961186
46,dwpt_446,4498777.296267102,1213168.7099832566,0.26966631822159626
46,dwpt_452,5340079.911556691,1057811.2061337798,0.19808902182241248
46,dwpt_461,234539817.76385313,51503137.3951218,0.21959229731719937
46,dwpt_462,182484867.02690658,40835346.56795239,0.22377387907969046
46,dwpt_554,4500395.168718958,989924.8422642922,0.21996398208428333
46,dwpt_564,40843700.10503509,7003697.560507243,0.17147558968693552
46,dwpt_802,4498218.43955794,1010947.8214131688,0.22474404811530657
46,dwpt_819,6186918.80827442,1160374.6669817467,0.18755291655514456
46,stn_100_South_Ogden,61901068.918642744,5259250.499305759,0.08496219194886682
46,stn_102_Riverton,24406400.69870012,2182128.9997319123,0.08940806252714405
46,stn_103_Cottonwood_Heights,93688572.83651529,7976811.468163671,0.08514177585011407
46,stn_109_Hooper,5948149.63486122,559730.7495245129,0.09410165915195111
46,stn_112_Sunset,350414051.33385324,31498021.724435687,0.08988800992579571
46,stn_115_Clearfield,315356287.9346803,29631344.93607392,0.09396148442174541
46,stn_117_Draper,143882701.03506494,14746250.029496249,0.10248799837238609
46,stn_122_West_Bountiful,446494567.14450336,38854511.06312209,0.08702124039629631
46,stn_124_Washington_Terrace,116285099.03265832,10427431.100513458,0.08967125785897079
46,stn_126_Harrisville,82374922.27756876,6495646.736302376,0.07885466300550531
46,stn_131_Millcreek,221698207.2851744,22622655.61136473,0.10204257349841715
46,stn_132_Syracuse,139111042.72765473,9726665.443932623,0.06992015337686057
46,stn_136_Provo,169375963.4650281,17721347.691365197,0.10462728789155618
46,stn_137_Lindon,54004730.48041369,5157852.657419919,0.09550742335971026
46,stn_141_Kaysville,123607011.40098928,10190336.886772422,0.08244141470028993
46,stn_143_Clinton,27038976.523206156,1559340.6430597836,0.05767010603088035
46,stn_147_South_Salt_Lake,119654814.67900424,18124001.737406537,0.15146905526557758
46,stn_14_Taylorsville,70484887.70461446,5959038.086741727,0.08454348557260459
46,stn_151_North_Salt_Lake,707053201.313881,79190152.78931195,0.11200027472070971
46,stn_157_Farmington,17685217.362312358,1353843.6923026957,0.07655227892125152
46,stn_160_Bountiful,16430291.52778072,1205496.3061132855,0.07337035402415132
46,stn_167_West_Valley_City,3596554185.1928864,447377510.502265,0.12439059373667458
46,stn_172_Santaquin,122247856.6114455,9874371.601118889,0.08077337202323101
46,stn_174_Eagle_Mountain,144041613.4444304,8278337.064853033,0.05747184349644014
46,stn_181_South_Jordan,30458177.554166973,3162518.4328489355,0.10383150558580523
46,stn_185_Spanish_Fork,195396247.0861901,24156217.652004242,0.12362682504003689
46,stn_18_Cedar_Fort,581628.7086902148,59356.305850390156,0.10205188458467981
46,stn_190_Sandy,42051154.097697206,5711999.521994902,0.13583454829145108
46,stn_194_Uintah,451338998.5787444,40084055.94071241,0.08881141684396016
46,stn_195_Marriott_Slaterville,593287960.7894078,43726083.17291137,0.07370128177678002
46,stn_198_West_Jordan,22188155.27313513,3969123.444176529,0.17888478764082952
46,stn_208_Cedar_Hills,2801263.7152418173,180466.5609763582,0.06442326725414338
46,stn_209_Woods_Cross,114572708.6297982,9283589.966075262,0.08102793481187522
46,stn_213_Pleasant_Grove,76562725.75500555,7359436.280896199,0.0961229659514186
46,stn_217_Layton,420706814.2658796,37679592.76225895,0.08956259201080133
46,stn_219_Salt_Lake_City,3830765527.97651,510006030.12958556,0.13313423293724305
46,stn_222_Roy,79616164.60281162,6256669.891061958,0.07858542197146992
46,stn_228_Payson,64453047.326458946,5552828.210437389,0.086153074847058
46,stn_22_West_Haven,1077108121.2565727,80635574.41903551,0.07486302705151333
46,stn_23_Farr_West,263951510.67572075,24616721.650621504,0.09326228740878292
46,stn_241_Pleasant_View,107373626.3861422,10979552.78630293,0.1022555831989667
46,stn_244_Riverdale,158476458.90390232,12598255.53002415,0.07949606911436315
46,stn_254_Magna_City,305932671.6745406,30189884.934451953,0.09868146729542102
46,stn_256_Kearns,62438426.21166134,5614015.413122351,0.08991282698399991
46,stn_25_Vineyard,76444174.03330576,5756326.64157274,0.07530105092200723
46,stn_27_Midvale,74147388.46437798,8199107.046457396,0.1105785006898311
46,stn_31_Springville,1245666340.7068212,142869816.9131375,0.11469348752898767
46,stn_33_Murray,65149480.13229998,8638058.07100491,0.13258828855523455
46,stn_35_Centerville,73381111.37893052,5645598.43948059,0.0769353084655185
46,stn_47_Lehi,38289848.69722677,5549512.347554305,0.14493429815919437
46,stn_52_Plain_City,58105054.91839432,5303676.22634132,0.09127736362679756
46,stn_53_Holladay,25938776.418406505,2502560.49604028,0.09647951220491763
46,stn_61_Saratoga_Springs,16763854.658292197,1153815.5786857859,0.06882758185421597
46,stn_62_Salem,82335292.85374655,7156632.302437551,0.08692059084735373
46,stn_66_South_Weber,99269534.28651077,9389652.143927803,0.09458745033322591
46,stn_6_Bluffdale,145980798.01900655,13916418.37193047,0.09533047195781576
46,stn_72_Santaquin,239029964.49010023,21075281.13839074,0.0881700383604567
46,stn_88_Orem,30597161.049444914,4842287.259978349,0.15825936439505706
46,stn_8_Herriman,32500803.953371182,1933322.4726518616,0.05948537382107822
46,stn_93_American_Fork,54969281.70371331,5046054.141968425,0.09179770929456318
46,stn_94_Mapleton,125137457.83641344,11553035.219746487,0.0923227578655885
46,stn_98_Ogden,685351839.1365418,55429809.47462836,0.08087788827482105
46,stn_Inland_Port,509142151.50763595,80447326.85427664,0.15800563087550631
46,stn_UTNW_MERGED_17,903824898.1722673,186500919.7114408,0.20634629571345808
46,stn_UTNW_MERGED_23,12293669.173499536,1642689.1476875278,0.13362073799972912
46,stn_UTNW_MERGED_24,1038664317.3031462,141175911.9013036,0.13592063340335178
46,stn_UTNW_MERGED_44,1131101672.162884,146898530.16879433,0.12987208292946475
47,dwpt_1641,22195895.848225556,4151452.522935652,0.18703694373604382
47,dwpt_356,12740757.647519156,2785863.23862823,0.2186575803182855
47,dwpt_362,8990354.892903378,1826517.0759106693,0.20316406834533837
47,dwpt_366,13509295.594046503,2782705.7718548696,0.20598452024998237
47,dwpt_431,10231376.133872423,2370346.4650169434,0.2316742571089313
47,dwpt_434,7007101.745919319,1632966.8877415564,0.23304455207783117
47,dwpt_445,6891930.403407669,1807414.063130444,0.2622507711680867
47,dwpt_446,4493498.287238641,1107301.4026442808,0.24642301651454357
47,dwpt_452,5158432.103322768,1002038.7895230957,0.19425258866500142
47,dwpt_461,211832332.78999442,46427247.83817586,0.2191697897421672
47,dwpt_462,164716316.07474974,36921726.892001,0.22415342797762422
47,dwpt_564,31253904.84747301,4871164.105612649,0.15585777615261728
47,dwpt_802,4259693.428082446,959439.17863996,0.22523667368049619
47,stn_100_South_Ogden,57549288.3005364,4876238.324713363,0.08473151395458549
47,stn_102_Riverton,24188010.92342702,1933263.0767495367,0.07992650089623934
47,stn_103_Cottonwood_Heights,99476989.67244767,9018060.617952388,0.09065473983125705
47,stn_109_Hooper,5609499.175999649,498111.3116254023,0.08879782240749427
47,stn_112_Sunset,341003763.29919916,29379539.66818225,0.08615605700047489
47,stn_115_Clearfield,329361119.1935992,28806159.943545844,0.0874607179319594
47,stn_117_Draper,154305693.83217472,15085525.239010056,0.09776389233839491
47,stn_122_West_Bountiful,411365103.6716466,34090914.20688382,0.08287264501194865
47,stn_124_Washington_Terrace,98953835.40005133,9060563.872361187,0.09156354410853373
47,stn_126_Harrisville,78413079.72431833,6062559.425295148,0.0773156652768857
47,stn_131_Millcreek,237648087.65492526,23260653.319557548,0.09787856300082233
47,stn_132_Syracuse,143061694.79283556,9770697.259584632,0.06829708870521463
47,stn_136_Provo,174464006.5080135,16688601.372787999,0.09565641479190412
47,stn_137_Lindon,54777678.1764384,4943676.226849839,0.09024983152674532
47,stn_141_Kaysville,122053453.29567914,9580643.119126625,0.07849546948841465
47,stn_143_Clinton,27589582.373095922,1540082.4451076507,0.05582115830102117
47,stn_147_South_Salt_Lake,141947803.04596475,20527708.31911411,0.1446144841880148
47,stn_14_Taylorsville,75288807.03284317,6229124.433748299,0.08273639441558656
47,stn_151_North_Salt_Lake,734295131.2031678,78848619.74214947,0.10738001164865862
47,stn_157_Farmington,20306976.485700406,1411138.612788713,0.06949033568746173
47,stn_160_Bountiful,16012626.272381185,1148225.5160994127,0.07170750734874073
47,stn_167_West_Valley_City,3909461751.346679,466982351.1951471,0.1194492697196199
47,stn_172_Santaquin,144543283.99618235,11682924.031124175,0.08082647431362319
47,stn_174_Eagle_Mountain,144547726.47920316,8020778.636930262,0.05548879136528137
47,stn_181_South_Jordan,41220392.65583582,4386787.801734172,0.10642275628864267
47,stn_185_Spanish_Fork,202023146.59116256,24338109.99684842,0.12047188853117825
47,stn_18_Cedar_Fort,824018.4597492988,79787.09698993844,0.09682683202778375
47,stn_190_Sandy,46955499.76353293,6110294.765626404,0.13012947996289553
47,stn_194_Uintah,403095881.2916651,37473336.3614329,0.09296382846025311
47,stn_195_Marriott_Slaterville,623402511.4623984,45403607.59495546,0.072831929227308
47,stn_198_West_Jordan,31605026.212979972,5420329.822590322,0.1715021460847335
47,stn_208_Cedar_Hills,2799490.9386453917,172590.6438504438,0.06165072423272653
47,stn_209_Woods_Cross,130042555.35080394,10253756.05785316,0.07884923539215712
47,stn_213_Pleasant_Grove,75857679.49974959,6904092.535252713,0.09101375866995119
47,stn_217_Layton,455955179.1933668,39772988.21664665,0.08723003933634287
47,stn_219_Salt_Lake_City,4144881260.876985,530801954.76457065,0.1280620411915641
47,stn_222_Roy,82199794.39932278,6344600.67327386,0.077185116089854
47,stn_228_Payson,64531544.057340875,5384526.186675614,0.0834402192808385
47,stn_22_West_Haven,1105274704.7795367,79845177.08328262,0.0722401197982803
47,stn_23_Farr_West,277769324.7114949,24866105.761114612,0.08952070494804201
47,stn_241_Pleasant_View,137090389.90389884,14636408.383175608,0.1067646564681581
47,stn_244_Riverdale,177666593.13986245,14434444.984863294,0.08124456449446425
47,stn_254_Magna_City,334757441.869852,31581932.059718728,0.09434273330358775
47,stn_256_Kearns,65815004.85405682,5551934.883210614,0.08435667361146437
47,stn_25_Vineyard,37885139.80522378,2606303.980041069,0.06879488879916182
47,stn_27_Midvale,79982666.33978812,8135834.032049505,0.10171996514202551
47,stn_31_Springville,1286388540.9528396,142241303.32605577,0.110574137438053
47,stn_33_Murray,68353004.7573768,8685821.555743912,0.12707300266571703
47,stn_35_Centerville,75253281.97471328,5540617.161663409,0.07362625278622632
47,stn_47_Lehi,42703464.92248631,5905015.763909813,0.1382795465105319
47,stn_52_Plain_City,57268136.17941441,5012835.30448699,0.0875327125852736
47,stn_53_Holladay,26811703.30930895,2184204.27383435,0.08146458464934603
47,stn_61_Saratoga_Springs,17311321.705359384,1151028.3498720033,0.06648991737676842
47,stn_62_Salem,78301222.05113219,6473256.427574243,0.08267120560835033
47,stn_66_South_Weber,99144966.45815113,9311156.617135251,0.09391456722178095
47,stn_6_Bluffdale,133051238.42239632,11968267.690804753,0.08995232087061997
47,stn_72_Santaquin,225752918.74668425,19175315.12645939,0.0849393896340976
47,stn_88_Orem,53571179.45746785,8130861.288040028,0.15177678315810503
47,stn_8_Herriman,33422584.027382,1955036.2799751454,0.058494468242594584
47,stn_93_American_Fork,56051288.613238305,4829125.683158305,0.08615548014390792
47,stn_94_Mapleton,109921482.27160911,9681407.190052751,0.08807566082606673
47,stn_98_Ogden,716809383.9527385,56733251.48133928,0.07914691513731617
47,stn_Inland_Port,585206186.7541233,88728555.97921662,0.15161930613097957
47,stn_UTNW_MERGED_17,1083777900.250193,212760932.00128654,0.19631414513266057
47,stn_UTNW_MERGED_23,40964799.19789111,5433272.822312733,0.132632721963701
47,stn_UTNW_MERGED_24,1085055257.6494265,141675978.80904114,0.1305702892182249
47,stn_UTNW_MERGED_44,1177290490.61037,147195297.8952063,0.12502886846464922
48,dwpt_431,4389877.956093064,893019.1861836159,0.20342688227678926
48,dwpt_564,11322917.965322342,1725047.9337711702,0.15235012203164552
48,stn_100_South_Ogden,59965004.97170564,4950074.704767655,0.08254939205130288
48,stn_102_Riverton,45974031.02427289,4553844.6398710925,0.0990525420202288
48,stn_103_Cottonwood_Heights,108661299.96265878,9636605.15116686,0.08868479536392863
48,stn_109_Hooper,6369128.9402097985,569547.3532950598,0.08942311556912819
48,stn_112_Sunset,413914214.43896616,35907019.46547331,0.08674990665431227
48,stn_115_Clearfield,333563716.11110497,29194474.76706153,0.08752293297193421
48,stn_117_Draper,150049345.49074534,14819330.529797245,0.09876304679190528
48,stn_122_West_Bountiful,471673693.4850929,39253324.62701004,0.08322135656321192
48,stn_124_Washington_Terrace,103241384.25587174,9591480.41459689,0.0929034464592757
48,stn_126_Harrisville,81971128.1421606,6243233.116900895,0.07616380618884984
48,stn_131_Millcreek,299554412.8850431,30455870.034826443,0.10167057711319438
48,stn_132_Syracuse,145449453.78961977,9981317.695136383,0.06862396134930494
48,stn_136_Provo,175737813.27871367,16675959.27262782,0.09489112764923485
48,stn_137_Lindon,61974356.566968456,5970214.993421042,0.09633363416963801
48,stn_141_Kaysville,138795402.7878678,11071808.266313981,0.07977071317870604
48,stn_143_Clinton,27682184.31706742,1544220.6951388917,0.055783917824244966
48,stn_147_South_Salt_Lake,147953734.66536695,21377491.56183436,0.1444876779229988
48,stn_14_Taylorsville,78163269.73655055,6554926.044292587,0.0838619733589188
48,stn_151_North_Salt_Lake,759956989.450941,82064491.98574887,0.10798570593454164
48,stn_157_Farmington,20182266.032423813,1408092.092378939,0.06976878067689571
48,stn_160_Bountiful,16328296.296520624,1172179.6948285238,0.071788242541771
48,stn_167_West_Valley_City,4048650804.847198,485497237.90739125,0.11991580931754736
48,stn_172_Santaquin,150843353.5677695,12301057.158215504,0.08154855263602317
48,stn_174_Eagle_Mountain,149680512.23896456,8353073.089185652,0.055806016189001224
48,stn_181_South_Jordan,35862839.639877304,3526300.433616299,0.09832741826989257
48,stn_185_Spanish_Fork,208903978.1010937,25226821.996174015,0.12075797802168298
48,stn_18_Cedar_Fort,824018.4597493039,79787.09698993867,0.09682683202778343
48,stn_190_Sandy,47282298.15914343,6150435.232698556,0.1300790247546203
48,stn_194_Uintah,427961253.22141284,40214625.68294506,0.09396791270292723
48,stn_195_Marriott_Slaterville,644115431.3031914,47316599.73611727,0.07345981393487977
48,stn_198_West_Jordan,31851268.908344362,5469793.30177612,0.17172921171574265
48,stn_208_Cedar_Hills,2801263.7152418243,172887.0872600952,0.06171753352581815
48,stn_209_Woods_Cross,141331509.72528884,11531470.52515442,0.08159164610615534
48,stn_213_Pleasant_Grove,77511281.77889992,6954634.888914607,0.08972416310638014
48,stn_217_Layton,477819620.67240995,42116213.28231826,0.08814249448997169
48,stn_219_Salt_Lake_City,4323169020.032211,555331340.2991217,0.12845469092831907
48,stn_222_Roy,84983456.43955167,6637540.09287662,0.07810390834830154
48,stn_228_Payson,65098494.72481122,5427286.273839113,0.08337038047932915
48,stn_22_West_Haven,1120597991.516708,81167530.43952775,0.07243233617585648
48,stn_23_Farr_West,286889788.41356355,26331504.384808637,0.09178264772132871
48,stn_241_Pleasant_View,167521335.3003722,16980483.36629136,0.10136310897859487
48,stn_244_Riverdale,184594003.57896563,15262887.896362381,0.08268355201382921
48,stn_254_Magna_City,395001937.64038634,37627720.84613526,0.09525958548687401
48,stn_256_Kearns,65861148.96182932,5588141.599751855,0.08484731420325714
48,stn_25_Vineyard,76190592.14506912,5497488.068499684,0.07215442108695397
48,stn_27_Midvale,81416196.86964798,8379505.4589778315,0.1029218482459197
48,stn_31_Springville,1321706657.2587364,146400510.3129063,0.11076626535009351
48,stn_33_Murray,67193397.96669394,8638261.367314119,0.12855818620150578
48,stn_35_Centerville,58873017.79502222,3990934.2102269214,0.06778885064329689
48,stn_47_Lehi,40343934.37727868,5655546.964157072,0.14018332746798792
48,stn_52_Plain_City,58102343.022267886,5100289.093340619,0.08778112599324812
48,stn_53_Holladay,29321344.460622042,2408968.3614920406,0.08215750013534458
48,stn_61_Saratoga_Springs,17306342.174276117,1150876.150504374,0.06650025400601513
48,stn_62_Salem,82194721.7594758,6879457.674987396,0.08369707357996257
48,stn_66_South_Weber,113948046.35368013,10588234.840192657,0.09292160049263269
48,stn_6_Bluffdale,155026421.86047396,14100942.776576191,0.0909583192810013
48,stn_72_Santaquin,248211569.65762684,21282720.268259216,0.08574427170182176
48,stn_88_Orem,39478636.76207083,6035177.760599755,0.1528719899061475
48,stn_8_Herriman,34428424.11795316,2055365.0948447636,0.059699656533886085
48,stn_93_American_Fork,55195316.677567534,4802962.900944345,0.08701758029583628
48,stn_94_Mapleton,123398446.91979012,10891690.142484449,0.08826440214084806
48,stn_98_Ogden,746739453.2165651,60133594.56891446,0.08052821410451827
48,stn_Inland_Port,610027566.5837214,93059976.4701018,0.1525504445500006
48,stn_UTNW_MERGED_17,1223025773.0040078,241246019.65490934,0.1972534226015193
48,stn_UTNW_MERGED_23,47974117.98579541,6633789.505082138,0.1382785089878323
48,stn_UTNW_MERGED_24,1113031168.4917383,145406962.55808735,0.13064051274963615
48,stn_UTNW_MERGED_44,1234479016.7452884,155683675.3550797,0.12611285671387165
49,stn_100_South_Ogden,55731241.511638805,4803468.247084246,0.08618986616476323
49,stn_102_Riverton,31245261.620257203,3954974.8656324884,0.126578388547349
49,stn_103_Cottonwood_Heights,106538423.70311445,9694527.482260764,0.09099559713100357
49,stn_109_Hooper,6723750.451981714,3087695.3303154707,0.4592221785098261
49,stn_112_Sunset,436370028.735691,37982568.40129995,0.08704211082357804
49,stn_115_Clearfield,336158428.04199314,29464584.72193004,0.08765088798621257
49,stn_117_Draper,155621565.3770644,15530254.637792509,0.0997950033477903
49,stn_122_West_Bountiful,478694813.43137217,39812570.90146679,0.08316900410113696
49,stn_124_Washington_Terrace,102973595.460719,9628536.042273277,0.09350490287528362
49,stn_126_Harrisville,89011866.99030283,6896283.105177733,0.07747599660985688
49,stn_131_Millcreek,308662651.5729722,31115188.127673425,0.10080645639862054
49,stn_132_Syracuse,143318705.81546792,9911408.986181386,0.0691564226022454
49,stn_136_Provo,176934795.32464758,17018884.658582605,0.0961873249823791
49,stn_137_Lindon,61946756.1138225,5880850.322263903,0.09493395120574649
49,stn_141_Kaysville,133929721.01568918,10628460.325478617,0.07935848924999662
49,stn_143_Clinton,40102042.88819017,4192689.6873169527,0.10455052624143685
49,stn_147_South_Salt_Lake,147168179.04943037,21305285.911848858,0.1447682919599957
49,stn_14_Taylorsville,77384026.50393999,6465365.903225234,0.08354910173737279
49,stn_151_North_Salt_Lake,766335165.054259,82964810.02076834,0.10826178127281184
49,stn_157_Farmington,26945662.7567517,3693984.877097898,0.13709014732518712
49,stn_160_Bountiful,19755023.335877787,3546616.7758777323,0.1795298702298467
49,stn_167_West_Valley_City,4077450507.2407565,489409892.16496104,0.12002840777487417
49,stn_172_Santaquin,150422672.36231226,12338938.554463241,0.08202844930678621
49,stn_174_Eagle_Mountain,151598902.3094652,8476067.138088964,0.055911137936780125
49,stn_181_South_Jordan,36729954.7279394,4187902.8859277843,0.11401873258346734
49,stn_185_Spanish_Fork,218627646.37776557,26338398.010146312,0.120471488608702
49,stn_18_Cedar_Fort,824018.4597493039,79787.09698993868,0.09682683202778344
49,stn_190_Sandy,48892162.22050815,6373206.013724993,0.13035230442419887
49,stn_194_Uintah,439324713.5899715,43028054.45943131,0.0979413475463847
49,stn_195_Marriott_Slaterville,669212344.5222458,49877386.5735489,0.07453148015247182
49,stn_198_West_Jordan,32770465.836986136,5635550.150439485,0.17197040098462574
49,stn_208_Cedar_Hills,2799490.9386453894,172590.64385044377,0.06165072423272657
49,stn_209_Woods_Cross,142894755.92743412,11718563.911028674,0.08200835527498072
49,stn_213_Pleasant_Grove,79684579.19934574,7156555.727479529,0.08981105000976511
49,stn_217_Layton,486426952.95165193,42962920.10234588,0.08832347763964499
49,stn_219_Salt_Lake_City,4345151461.502754,558242376.5049045,0.12847477963675827
49,stn_222_Roy,85686024.13292307,6748305.104636408,0.07875619359077618
49,stn_228_Payson,64770959.48532915,5417372.8927625455,0.08363891682027035
49,stn_22_West_Haven,1128508730.3363793,82437715.56116696,0.0730501354088722
49,stn_23_Farr_West,302056036.9482448,28297537.353473034,0.09368307165574585
49,stn_241_Pleasant_View,171582514.67055795,16056238.27026254,0.09357735723299578
49,stn_244_Riverdale,184411581.23206562,15257312.157329345,0.08273510836680789
49,stn_254_Magna_City,411379675.99503195,39189038.271256186,0.09526245596957847
49,stn_256_Kearns,59884089.44520614,5168310.710607693,0.08630523998092497
49,stn_25_Vineyard,58400606.3830467,4842152.978400717,0.08291271749202865
49,stn_27_Midvale,84031301.20073064,8601448.60348539,0.10236005489119573
49,stn_31_Springville,1337761901.749375,148585013.51876622,0.11106984981741773
49,stn_33_Murray,68114441.01999252,8771418.995345129,0.1287747335806602
49,stn_35_Centerville,70618448.8176865,5280146.25667876,0.07477006851722774
49,stn_47_Lehi,46053466.50558337,6360254.582726169,0.13810588138799657
49,stn_52_Plain_City,57497457.44907111,5102251.838533947,0.08873873845731897
49,stn_53_Holladay,38386392.62117435,4173587.9351554653,0.10872571372735007
49,stn_61_Saratoga_Springs,28914755.783175457,3878325.76728001,0.1341296394257177
49,stn_62_Salem,84485378.52831174,7123071.739046792,0.08431129579019157
49,stn_66_South_Weber,119280730.6760405,10707684.842896797,0.08976877306342332
49,stn_6_Bluffdale,156374857.59226945,14276955.79364105,0.09129956064207374
49,stn_72_Santaquin,251994615.00946808,21659660.83341092,0.08595287178099861
49,stn_88_Orem,39785066.17421175,6083582.423474973,0.15291120534614785
49,stn_8_Herriman,36311779.279668055,4076124.751755045,0.11225351201772084
49,stn_93_American_Fork,47032272.32676861,4504119.468527945,0.09576657145617876
49,stn_94_Mapleton,123129484.39912103,10897570.415819947,0.08850496263344818
49,stn_98_Ogden,760822869.9338448,61799330.509661354,0.08122696221662598
49,stn_Inland_Port,620438899.4619864,94982584.18026099,0.15308934411208763
49,stn_UTNW_MERGED_17,1290130699.7713466,257055572.5667025,0.19924769840161247
49,stn_UTNW_MERGED_23,41411514.996550165,5611181.373388749,0.13549809452410022
49,stn_UTNW_MERGED_24,1114182029.5814111,145651634.40505308,0.13072516926141162
49,stn_UTNW_MERGED_44,1252798577.0867481,158704560.02212733,0.12668002895659267
50,stn_100_South_Ogden,59024128.7095552,5171316.8218150325,0.08761360709383698
50,stn_102_Riverton,27425727.80004084,2427135.396385869,0.08849848631481913
50,stn_103_Cottonwood_Heights,95316544.55527897,7866925.746387964,0.0825347350042209
50,stn_109_Hooper,6677749.222271168,631994.6332814822,0.09464186393428752
50,stn_112_Sunset,494477711.9198006,44668731.31600813,0.09033517636736872
50,stn_115_Clearfield,330162419.3260771,30934959.801575094,0.09369618706065669
50,stn_117_Draper,159954904.28607386,16764282.512482926,0.10480630517274157
50,stn_122_West_Bountiful,548538773.8989515,48245282.22173864,0.08795236456817196
50,stn_124_Washington_Terrace,135807510.28251645,12333688.398503706,0.09081742513979006
50,stn_126_Harrisville,106366325.40597975,8761355.032139424,0.0823696315417405
50,stn_131_Millcreek,297069701.543809,31712937.270688754,0.10675251331887184
50,stn_132_Syracuse,147415049.64286765,10376915.3520896,0.07039250997255059
50,stn_136_Provo,174795940.17481276,17213237.863610946,0.09847618798466401
50,stn_137_Lindon,54890116.055135295,5123952.956725036,0.09334928262090383
50,stn_141_Kaysville,135662581.48156983,11411644.359798823,0.0841178476420864
50,stn_143_Clinton,27626847.87229695,1596578.0898380252,0.05779081628197645
50,stn_147_South_Salt_Lake,136119197.39117035,20708058.434473526,0.15213179941815316
50,stn_14_Taylorsville,75994744.06452696,6626477.952346735,0.08719652962736749
50,stn_151_North_Salt_Lake,749252750.0693437,84770840.57970434,0.1131405130936907
50,stn_157_Farmington,20273462.886588223,1479791.8444633088,0.07299156797935372
50,stn_160_Bountiful,16408663.669938449,1231733.2149831154,0.07506602851758834
50,stn_167_West_Valley_City,3875528397.5827856,484829925.36958236,0.12510034132944986
50,stn_172_Santaquin,153688744.83864972,13328479.64587563,0.08672384994664735
50,stn_174_Eagle_Mountain,152274967.15228507,8823979.985437188,0.05794767288711757
50,stn_181_South_Jordan,41229375.89345517,4637062.374392015,0.1124698658154588
50,stn_185_Spanish_Fork,219727468.40926158,27434402.396341264,0.12485649880260895
50,stn_18_Cedar_Fort,824018.4597493039,84092.63674998179,0.10205188458468005
50,stn_190_Sandy,48985377.043108754,6712951.533077311,0.13703990738235394
50,stn_194_Uintah,487685002.1651292,45426213.4800936,0.09314662800459131
50,stn_195_Marriott_Slaterville,643580761.9343357,49194888.61170631,0.07643933989550428
50,stn_198_West_Jordan,24959541.548071865,4491032.69075078,0.1799324992448715
50,stn_208_Cedar_Hills,2801263.7152418243,180466.56097635822,0.06442326725414323
50,stn_209_Woods_Cross,144718406.72092217,12591068.263586327,0.0870039171165503
50,stn_213_Pleasant_Grove,89569038.14936367,8607300.583328295,0.09609682945321932
50,stn_217_Layton,472069632.2667111,43447212.61175981,0.09203560161906982
50,stn_219_Salt_Lake_City,4140705656.9442563,554145115.6522003,0.13382866631026039
50,stn_222_Roy,85271877.99204922,6918234.73778443,0.0811314925939533
50,stn_228_Payson,66867296.89954953,5752521.963677239,0.08602892939307663
50,stn_22_West_Haven,1114981908.748128,83647445.60105574,0.0750213478306324
50,stn_23_Farr_West,287634588.04187447,27614702.210077915,0.09600619451947728
50,stn_241_Pleasant_View,162181610.54524687,17070311.936811917,0.10525430028362857
50,stn_244_Riverdale,168606688.85843915,13710849.13305258,0.08131853620922537
50,stn_254_Magna_City,433727914.4764036,43678306.910907686,0.10070439428284468
50,stn_256_Kearns,71834844.1781533,6361737.139295941,0.08856060331276806
50,stn_25_Vineyard,38327743.48856168,2751532.015815703,0.07178956456533517
50,stn_27_Midvale,82282594.60749587,9197850.91882662,0.11178367627688666
50,stn_31_Springville,1315517056.5126464,151853822.84515715,0.11543280422962524
50,stn_33_Murray,67348793.35080981,9043392.002609424,0.1342769714596629
50,stn_35_Centerville,59942234.02575608,4158466.7933007046,0.06937457138340702
50,stn_47_Lehi,44135146.038918436,6400787.470035339,0.14502699196669963
50,stn_52_Plain_City,63585719.73334253,5836593.280317042,0.09179094464596427
50,stn_53_Holladay,61914218.71566917,5211451.799357939,0.0841721321444864
50,stn_61_Saratoga_Springs,17378004.605973333,1202905.0799842074,0.06921997704907579
50,stn_62_Salem,92504459.11284587,8133313.709154593,0.08792347728051457
50,stn_66_South_Weber,115627906.67672276,11078952.055184823,0.09581555502997914
50,stn_6_Bluffdale,178048918.34046528,17347352.06468053,0.09743025807946169
50,stn_72_Santaquin,267175673.20267946,23636478.83843331,0.08846793031378526
50,stn_88_Orem,44759494.865437835,7218685.585721766,0.16127719062566664
50,stn_8_Herriman,34673267.36013074,2153757.034863907,0.06211577964355378
50,stn_93_American_Fork,40983407.219976634,3722813.79155905,0.09083709833047825
50,stn_94_Mapleton,136065859.0840239,12538433.810747173,0.0921497420084225
50,stn_98_Ogden,732519050.8314067,60619123.365963794,0.08275433013948413
50,stn_Inland_Port,598837741.0619816,96405682.31408091,0.16098798673429407
50,stn_UTNW_MERGED_17,1130659711.2422566,236083514.81992596,0.20880156290396235
50,stn_UTNW_MERGED_23,53858403.186165616,7519387.551885864,0.13961400834507728
50,stn_UTNW_MERGED_24,1088753439.3527527,149010825.29698136,0.13686370110166177
50,stn_UTNW_MERGED_44,1213335095.8090012,159953018.22024187,0.13182921912729464
51,stn_100_South_Ogden,63712437.92289883,5532185.499875455,0.0868305417314307
51,stn_102_Riverton,29159479.537510417,2776835.596831359,0.09522925789053505
51,stn_103_Cottonwood_Heights,107771794.90231377,9436741.908368606,0.08756225983730004
51,stn_109_Hooper,6967056.455234859,688547.3628108043,0.09882902015146558
51,stn_112_Sunset,533345916.3322407,50360926.372136034,0.09442450917870039
51,stn_115_Clearfield,315611073.40261143,31292149.50615165,0.09914781876564135
51,stn_117_Draper,153059330.99282584,16653986.519058751,0.1088073912974267
51,stn_122_West_Bountiful,611388696.9305683,55855469.28389492,0.09135836099737069
51,stn_124_Washington_Terrace,149698699.71681416,13694811.173737533,0.09148249917764203
51,stn_126_Harrisville,102641955.5078419,8639995.679165274,0.0841760626677185
51,stn_131_Millcreek,296356912.9213381,33394714.740010973,0.11268410920745055
51,stn_132_Syracuse,145077328.01050076,10545767.75773557,0.0726906671245852
51,stn_136_Provo,174153483.0371936,19008671.843618523,0.10914896166365436
51,stn_137_Lindon,55174710.054890834,5693519.397583499,0.10319074430874711
51,stn_141_Kaysville,133107686.46954401,11506445.69834045,0.08644463744753919
51,stn_143_Clinton,28497376.14021369,1768736.6390003655,0.062066648883664643
51,stn_147_South_Salt_Lake,125093690.58238716,19712972.182564646,0.15758566312008845
51,stn_14_Taylorsville,75029283.55129957,6729452.920105685,0.08969101931387327
51,stn_151_North_Salt_Lake,741179295.4127034,87003815.58047797,0.11738565299781142
51,stn_157_Farmington,20273462.88658984,1534921.7006528843,0.07571087925330108
51,stn_160_Bountiful,16408663.669938441,1274430.2326654573,0.077668130586422
51,stn_167_West_Valley_City,3754687997.697066,484887604.66426533,0.12914191670830458
51,stn_172_Santaquin,152141355.81410977,13625177.171160148,0.08955603884461068
51,stn_174_Eagle_Mountain,152736084.6053853,9151940.701160666,0.05991996406616003
51,stn_181_South_Jordan,41298400.4821588,4839172.11094496,0.11717577568253561
51,stn_185_Spanish_Fork,219940031.27836487,28381862.085768826,0.12904363939935795
51,stn_18_Cedar_Fort,824018.4597493039,87537.06855801628,0.10623192663019736
51,stn_190_Sandy,46635160.182754315,6615404.670132294,0.14185444296122887
51,stn_194_Uintah,512572682.51165736,47745112.693671174,0.09314798529589083
51,stn_195_Marriott_Slaterville,630304730.6391886,49456499.75290975,0.07846442736159727
51,stn_198_West_Jordan,21638085.18067678,4034227.1097274465,0.1864410402326213
51,stn_208_Cedar_Hills,2801263.7152418243,186530.1399493686,0.06658785423680327
51,stn_209_Woods_Cross,141331275.0300391,12685939.54932215,0.08976031346654045
51,stn_213_Pleasant_Grove,94108489.8438989,9487751.454039743,0.10081716824674812
51,stn_217_Layton,445535371.4289084,41977146.647489816,0.09421731548016468
51,stn_219_Salt_Lake_City,3980087758.161092,549955342.4496553,0.13817668751699824
51,stn_222_Roy,83204617.49882427,6848638.892700381,0.08231080315701417
51,stn_228_Payson,66397792.61328078,5982171.2064582985,0.09009593498537109
51,stn_22_West_Haven,1101310734.2418375,84972775.12705627,0.0771560400576256
51,stn_23_Farr_West,264102519.8495183,25517424.710587762,0.09661939130731208
51,stn_241_Pleasant_View,143982064.14163846,15172609.021864528,0.1053784657993157
51,stn_244_Riverdale,156783112.27235755,14036865.640210446,0.08953046942853224
51,stn_254_Magna_City,423298715.0849495,44209106.99969483,0.10443950199759701
51,stn_256_Kearns,72529430.26710583,6655045.085182831,0.09175647817271058
51,stn_25_Vineyard,79742758.19052035,6208645.31524525,0.07785842195741006
51,stn_27_Midvale,78535402.65758295,9296633.600629799,0.11837506762604172
51,stn_31_Springville,1279055062.3040786,151897548.03485698,0.11875763015333371
51,stn_33_Murray,67451285.82670268,9380190.43378466,0.13906614705440087
51,stn_35_Centerville,75572711.12160173,5981568.802974242,0.07914985070933188
51,stn_47_Lehi,41873478.241584815,6316831.384887673,0.1508551868665734
51,stn_52_Plain_City,88276545.85367765,8268382.25773444,0.09366454223797628
51,stn_53_Holladay,29109216.94778868,2866128.5188940237,0.09846120299404869
51,stn_61_Saratoga_Springs,17628640.583993103,1253477.2520317275,0.0711045894922772
51,stn_62_Salem,90348658.83765376,8274939.932030139,0.09158896256445004
51,stn_66_South_Weber,117496138.34716703,11608884.658176845,0.09880226551681176
51,stn_6_Bluffdale,190834592.7840478,19374306.641662374,0.10152408092796217
51,stn_72_Santaquin,287597525.1234188,26320790.896755446,0.0915195319760148
51,stn_88_Orem,20213061.364604943,3274225.807469501,0.16198564623184653
51,stn_8_Herriman,33965790.05893481,2134325.7266773414,0.06283751159546193
51,stn_93_American_Fork,38769330.49201526,3799900.0351630663,0.09801304244719096
51,stn_94_Mapleton,150621795.97702453,14469776.13530524,0.09606694729302274
51,stn_98_Ogden,708961898.374565,59521688.26293276,0.083956117246072
51,stn_Inland_Port,557271736.5495235,92015232.55075651,0.16511735032623412
51,stn_UTNW_MERGED_17,995666330.3644794,216067308.6577517,0.2170077485483082
51,stn_UTNW_MERGED_23,15452009.17119045,2165699.885881846,0.14015652345843105
51,stn_UTNW_MERGED_24,1073057233.1806822,152366747.49399883,0.1419931228107599
51,stn_UTNW_MERGED_44,1196248391.1259732,162500422.38619155,0.13584170611359186
52,stn_100_South_Ogden,5951174.775554193,444023.01076777605,0.07461098480785706
52,stn_102_Riverton,19252245.750965934,1938583.3236535133,0.1006938800142965
52,stn_103_Cottonwood_Heights,5938032.289512329,654769.5429821751,0.11026709035224011
52,stn_112_Sunset,89115441.31424148,8145460.720026461,0.0914034717205035
52,stn_115_Clearfield,72308893.66691855,7523847.388877621,0.10405147980185175
52,stn_117_Draper,89450104.91291538,10003979.733073665,0.11183865846566744
52,stn_122_West_Bountiful,154003254.1241593,14461859.07852121,0.0939061915332119
52,stn_126_Harrisville,8362722.831741849,548192.3521587212,0.06555189777161845
52,stn_131_Millcreek,50238372.79589243,4909894.214884974,0.09773195152702904
52,stn_132_Syracuse,33829286.632543705,2496314.76103245,0.07379152827393648
52,stn_136_Provo,90080669.58929318,8417398.361310197,0.09344289290574583
52,stn_137_Lindon,15091884.174375847,1665228.2990812461,0.11033932409238853
52,stn_141_Kaysville,53159985.31785541,5245225.646177923,0.09866868124239593
52,stn_143_Clinton,7894993.303105254,533363.5778989083,0.06755719193442837
52,stn_147_South_Salt_Lake,62018384.18410459,9610657.595389072,0.1549646563970349
52,stn_14_Taylorsville,14007978.13845904,1425032.5415270403,0.10173006606960641
52,stn_151_North_Salt_Lake,204400157.90843198,23314732.386528663,0.11406416034655557
52,stn_157_Farmington,8198176.565682441,620379.3499203844,0.07567284565659292
52,stn_160_Bountiful,7317571.262370881,555063.011992007,0.07585344810323959
52,stn_167_West_Valley_City,947650411.5113647,119992108.29000093,0.12662064705763273
52,stn_172_Santaquin,9142329.090210464,815387.9788825244,0.08918821132304629
52,stn_174_Eagle_Mountain,49022440.21058074,3143599.1895281076,0.06412571826340073
52,stn_181_South_Jordan,14597952.830615697,1695852.4711703365,0.11617056794523226
52,stn_185_Spanish_Fork,92990479.11060426,11621186.072488233,0.12497178403249028
52,stn_190_Sandy,14090467.457031863,2032864.4844035283,0.1442723238673693
52,stn_194_Uintah,61977166.474691525,5512351.064225003,0.08894164379838146
52,stn_195_Marriott_Slaterville,111323817.27836056,8395455.202238116,0.07541472622381994
52,stn_198_West_Jordan,10170329.781444453,1810837.6296309007,0.17805102376667617
52,stn_208_Cedar_Hills,2801263.7152418243,186530.13994936857,0.06658785423680327
52,stn_209_Woods_Cross,12027875.160158101,1029013.6612233017,0.08555240618325272
52,stn_213_Pleasant_Grove,6436961.244124897,458567.4471864619,0.07123974027418647
52,stn_217_Layton,137236857.89841384,11779940.65118308,0.08583656629549831
52,stn_219_Salt_Lake_City,800522933.2088412,107497670.67100735,0.13428431118158016
52,stn_222_Roy,9936771.290249696,743318.6808177293,0.07480484949342643
52,stn_228_Payson,21572193.31964209,2442966.291956325,0.11324607821551161
52,stn_22_West_Haven,239288442.3357655,17246135.23025699,0.07207257927676049
52,stn_23_Farr_West,73072623.92229506,7475526.335928912,0.1023026946983365
52,stn_241_Pleasant_View,6036660.150774298,499979.08718614175,0.08282379241143986
52,stn_244_Riverdale,18621950.175850168,1920011.473306565,0.10310474763252925
52,stn_254_Magna_City,61381047.01713435,6506346.389871846,0.10599927349000118
52,stn_25_Vineyard,69216226.97942747,5699906.690830702,0.08234928339166529
52,stn_27_Midvale,49505760.12813164,5796980.889507653,0.11709709889321585
52,stn_31_Springville,302369296.01899004,35893837.93703171,0.11870860702330513
52,stn_33_Murray,10740411.776226955,1410553.9782215944,0.13133146173629423
52,stn_35_Centerville,29877871.81105153,2425746.9034534115,0.08118874459311898
52,stn_47_Lehi,6962314.807207748,1095631.410050339,0.1573659681283134
52,stn_52_Plain_City,1965829.0577495596,191929.09425391897,0.09763264689638651
52,stn_53_Holladay,3136084.1053932044,267596.21827809035,0.0853281383040392
52,stn_61_Saratoga_Springs,14203048.965192098,950428.1992595142,0.06691719514512422
52,stn_62_Salem,6017546.599983223,424896.3977225968,0.07060957329749327
52,stn_6_Bluffdale,94326.71467274384,8177.811960463341,0.08669666900660497
52,stn_88_Orem,30979454.111294284,5067757.809205642,0.1635844773442303
52,stn_8_Herriman,17407429.603321698,1113075.0306565738,0.06394252661198044
52,stn_93_American_Fork,22705979.278964836,2563215.4675258733,0.11288724595553891
52,stn_94_Mapleton,293987.15712503355,40900.045291106435,0.13912187760539327
52,stn_98_Ogden,248439066.4851573,19739806.807583075,0.0794553251501708
52,stn_Inland_Port,89579342.96518852,14307244.114509586,0.15971588583842966
52,stn_UTNW_MERGED_17,263875264.45299292,54749998.52367265,0.20748439091920223
52,stn_UTNW_MERGED_23,8496011.168339074,1278453.3913072674,0.15047689627239488
52,stn_UTNW_MERGED_24,198468146.73570102,26761883.583385784,0.13484221031712681
52,stn_UTNW_MERGED_44,174521522.54549134,22033096.852362785,0.12624859404730193
53,dwpt_1203,114284957.46297435,31678318.005227655,0.2771871181339914
53,dwpt_1227,43302432.668300025,10612956.404853402,0.2450891497516887
53,dwpt_1641,77903703.89624688,15797730.17125027,0.2027853539838091
53,dwpt_356,233333058.51458997,55838593.19711169,0.23930853841535782
53,dwpt_362,13901195.025722025,3066286.2132821763,0.22057716675497932
53,dwpt_366,19583309.257789306,4326821.858806089,0.2209443665444381
53,dwpt_430,151763062.23948565,45315962.64053936,0.29859678614701196
53,dwpt_431,38074491.53609284,10800406.11537258,0.28366514376519775
53,dwpt_434,14920184.560051484,3725764.6558928867,0.24971304080705223
53,dwpt_445,152883893.2603899,42932921.41476452,0.28082043503197374
53,dwpt_446,4636493.758106915,1328024.0860738694,0.28642852883211967
53,dwpt_452,6258959.249656436,1290539.8787155468,0.20619081020321176
53,dwpt_457,3462127.690202636,1128521.751209713,0.3259619090316283
53,dwpt_461,248032285.7012251,55195339.53440851,0.22253288267840965
53,dwpt_462,194946938.65013403,44050037.25532529,0.2259591125684753
53,dwpt_554,5380438.184470621,1199120.087175152,0.22286662276617772
53,dwpt_564,43996222.47610396,7747260.995861235,0.1760892312986432
53,dwpt_649,95615781.51158185,24440247.232366815,0.2556089261206989
53,dwpt_802,5545366.363630663,1282806.8980186535,0.2313295125876542
53,dwpt_819,29879607.7960126,5937966.858229664,0.19872974567698573
53,stn_100_South_Ogden,62785301.47081274,5503847.574217457,0.08766140235507276
53,stn_102_Riverton,21293238.334989656,1949983.076888816,0.09157757247682463
53,stn_103_Cottonwood_Heights,85091759.84763816,6911101.857679146,0.08121940209080038
53,stn_109_Hooper,5913516.195145107,579979.8011671463,0.09807697857381359
53,stn_112_Sunset,348712457.64067477,32538818.13222829,0.09331131543845617
53,stn_115_Clearfield,294218220.7192389,29790795.355867684,0.10125408033208078
53,stn_117_Draper,151841225.55807117,16186009.058025211,0.10659825089356201
53,stn_122_West_Bountiful,470590245.30987567,42589995.982183725,0.09050335489665523
53,stn_124_Washington_Terrace,131352153.899917,11790625.948608845,0.08976347626238884
53,stn_126_Harrisville,82507325.88370596,6749288.527217863,0.08180229397727642
53,stn_131_Millcreek,207067715.14680016,21881424.270073347,0.10567279527163645
53,stn_132_Syracuse,137331132.76061127,9835944.465343796,0.07162210248778272
53,stn_136_Provo,155073707.62929285,16003625.59599929,0.1032001223202602
53,stn_137_Lindon,53997464.04774846,5301015.276459926,0.09817155990459821
53,stn_141_Kaysville,122396041.35254775,10473764.67383339,0.0855727404096748
53,stn_143_Clinton,26149767.721164376,1544853.7251129204,0.05907714904337714
53,stn_147_South_Salt_Lake,102501863.77419028,16071891.122460004,0.15679608673132114
53,stn_14_Taylorsville,69398566.76995559,5978465.966655053,0.08614682182807389
53,stn_151_North_Salt_Lake,680308292.2799792,78414326.90480505,0.11526292975499088
53,stn_157_Farmington,17136468.643631015,1359644.388543014,0.07934215717474224
53,stn_160_Bountiful,15790383.23694145,1223388.3001812822,0.07747679596016245
53,stn_167_West_Valley_City,3418901769.896402,438328225.653443,0.12820731777465633
53,stn_172_Santaquin,115453555.57858823,9576734.637699753,0.08294880646773112
53,stn_174_Eagle_Mountain,142472612.79931647,8385615.201681635,0.05885773438782521
53,stn_181_South_Jordan,40837171.23606683,4825074.639038937,0.11815398797205368
53,stn_185_Spanish_Fork,194003387.77489138,24746710.642157327,0.1275581366180665
53,stn_18_Cedar_Fort,581628.7086902148,61787.53830759517,0.10623192663019708
53,stn_190_Sandy,43815608.30102137,6118619.253628636,0.13964474055894843
53,stn_194_Uintah,459795605.0837077,40851505.8423895,0.08884709943008767
53,stn_195_Marriott_Slaterville,570762707.623742,42855345.89989793,0.07508434823697174
53,stn_198_West_Jordan,24839788.523509774,4684439.248041838,0.18858611632736813
53,stn_208_Cedar_Hills,2801263.7152418243,186530.13994936857,0.06658785423680327
53,stn_209_Woods_Cross,105952189.1552024,8737256.11616138,0.08246413958811882
53,stn_213_Pleasant_Grove,77278293.76329657,7715869.910765305,0.0998452415939593
53,stn_217_Layton,394427170.5673346,36127667.26228446,0.09159528034115724
53,stn_219_Salt_Lake_City,3598596949.2410264,494286387.91803527,0.137355306773737
53,stn_222_Roy,79165244.43929364,6466441.031693451,0.08168282783048966
53,stn_228_Payson,65182225.86411105,5784613.305092606,0.08874525575656322
53,stn_22_West_Haven,1067454293.3929392,82383095.08860204,0.07717716402333688
53,stn_23_Farr_West,243333092.3538006,23187595.52013138,0.09529158280870882
53,stn_241_Pleasant_View,94861584.80431755,9661597.947772926,0.1018494258524467
53,stn_244_Riverdale,143458650.31583333,11349196.428117905,0.07911127285201644
53,stn_254_Magna_City,306011146.6039042,31540417.887284104,0.10306950657620817
53,stn_256_Kearns,57392654.69100595,5397672.109829865,0.09404813453725358
53,stn_25_Vineyard,37636916.70351777,2791458.2743646004,0.0741680913012647
53,stn_27_Midvale,73748314.9660795,8606262.633472987,0.11669775285620332
53,stn_31_Springville,1209787939.2034543,142743560.81388882,0.11799056362545134
53,stn_33_Murray,56930979.492734425,7778487.442929145,0.13663013551210446
53,stn_35_Centerville,54718743.876085915,3924223.112984912,0.07171624995397492
53,stn_47_Lehi,36761275.092516325,5485877.356735127,0.149229789851656
53,stn_52_Plain_City,60451794.13201765,5586083.181496494,0.09240558136781395
53,stn_53_Holladay,23739890.252276987,2325434.1384174246,0.09795471308863288
53,stn_61_Saratoga_Springs,16663478.497077383,1164760.2199171933,0.06989898418397343
53,stn_62_Salem,85151541.07509091,7672954.185924655,0.09010939894978832
53,stn_66_South_Weber,96045978.72147585,9557267.148128148,0.09950720764523946
53,stn_6_Bluffdale,127463486.347994,12662727.316103015,0.09934395864186481
53,stn_72_Santaquin,249522286.92702034,22806881.919232354,0.091402183749233
53,stn_88_Orem,32186532.399881884,5270469.423979901,0.16374766186366949
53,stn_8_Herriman,32014468.975142248,1943760.6028043614,0.06071506618815391
53,stn_93_American_Fork,55696155.16263391,5268271.029240476,0.09458949210869255
53,stn_94_Mapleton,120546955.20081809,11582385.367561238,0.0960819404211931
53,stn_98_Ogden,676699796.5760515,56783433.52703118,0.08391229584276892
53,stn_Inland_Port,468015303.80902135,76356770.56701745,0.16315015758154705
53,stn_UTNW_MERGED_17,762306454.4433182,163987709.2936622,0.21512045232965504
53,stn_UTNW_MERGED_23,44458033.495295905,6089610.393483846,0.13697435344566436
53,stn_UTNW_MERGED_24,997360793.1825696,140209871.00659424,0.14058089305795324
53,stn_UTNW_MERGED_44,1069926355.334779,142785466.26152962,0.133453546171271
